-- phpMyAdmin SQL Dump
-- version 4.7.4
-- https://www.phpmyadmin.net/
--
-- Host: 127.0.0.1
-- Generation Time: Mar 07, 2020 at 08:16 PM
-- Server version: 10.1.29-MariaDB
-- PHP Version: 7.2.0

SET SQL_MODE = "NO_AUTO_VALUE_ON_ZERO";
SET AUTOCOMMIT = 0;
START TRANSACTION;
SET time_zone = "+00:00";


/*!40101 SET @OLD_CHARACTER_SET_CLIENT=@@CHARACTER_SET_CLIENT */;
/*!40101 SET @OLD_CHARACTER_SET_RESULTS=@@CHARACTER_SET_RESULTS */;
/*!40101 SET @OLD_COLLATION_CONNECTION=@@COLLATION_CONNECTION */;
/*!40101 SET NAMES utf8mb4 */;

--
-- Database: `mis`
--

-- --------------------------------------------------------

--
-- Table structure for table `access`
--

CREATE TABLE `access` (
  `TeacherNum` int(11) NOT NULL,
  `Username` varchar(255) NOT NULL,
  `Pass` varchar(255) NOT NULL,
  `AccessType` varchar(255) NOT NULL,
  `Access` tinyint(1) NOT NULL
) ENGINE=InnoDB DEFAULT CHARSET=latin1;

--
-- Dumping data for table `access`
--

INSERT INTO `access` (`TeacherNum`, `Username`, `Pass`, `AccessType`, `Access`) VALUES
(1, 'admin', '=KÉßzùÕ#ZI', 'principal', 1),
(2, '2-Apurada', '=KÉßzùÕ#ZI', 'coordinator', 1),
(15, '15-Gabon', ':£Ý¬0', 'coordinator', 1),
(16, '16-Cadayona', '', 'coordinator', 1),
(17, '17-Chacha', '', '', 1);

-- --------------------------------------------------------

--
-- Table structure for table `grade_case`
--

CREATE TABLE `grade_case` (
  `TeacherNum` int(11) NOT NULL,
  `SubjectCode` varchar(255) NOT NULL,
  `CaseValue` int(3) NOT NULL
) ENGINE=InnoDB DEFAULT CHARSET=latin1;

--
-- Dumping data for table `grade_case`
--

INSERT INTO `grade_case` (`TeacherNum`, `SubjectCode`, `CaseValue`) VALUES
(1, 'AP 7', 1),
(13, 'ENG 7 ', 1),
(4, 'ESP 7', 1),
(1, 'FIL 7', 1),
(4, 'MATH 7B', 1),
(23, 'RESEARCH 7', 1),
(4, 'TLE 7', 1),
(4, 'RESEARCH 7', 1),
(13, 'ESP 8', 1),
(23, 'RESEARCH 8', 1),
(29, 'AP 10', 1),
(29, 'ENG 10', 1),
(1, 'SCI 10B', 1),
(16, 'AP 8', 4);

-- --------------------------------------------------------

--
-- Table structure for table `grade_sortable`
--

CREATE TABLE `grade_sortable` (
  `SubjectCode` varchar(255) NOT NULL,
  `OrderNumber` int(2) NOT NULL,
  `DateCreated` timestamp NOT NULL DEFAULT CURRENT_TIMESTAMP ON UPDATE CURRENT_TIMESTAMP,
  `User` varchar(50) NOT NULL
) ENGINE=InnoDB DEFAULT CHARSET=latin1;

-- --------------------------------------------------------

--
-- Table structure for table `grade_subject`
--

CREATE TABLE `grade_subject` (
  `GradeID` int(11) NOT NULL,
  `LRNNum` bigint(12) NOT NULL,
  `GradeLevel` int(11) NOT NULL,
  `SubjectCode` varchar(50) NOT NULL,
  `Quarter` int(11) NOT NULL,
  `GradeRating` int(11) NOT NULL,
  `Status` varchar(20) NOT NULL,
  `DateCreated` timestamp NOT NULL DEFAULT CURRENT_TIMESTAMP ON UPDATE CURRENT_TIMESTAMP
) ENGINE=InnoDB DEFAULT CHARSET=latin1;

--
-- Dumping data for table `grade_subject`
--

INSERT INTO `grade_subject` (`GradeID`, `LRNNum`, `GradeLevel`, `SubjectCode`, `Quarter`, `GradeRating`, `Status`, `DateCreated`) VALUES
(1, 111111111111, 7, 'AP 7', 1, 85, 'APPROVED', '2020-03-02 18:19:24'),
(2, 111111111111, 7, 'AP 7', 2, 85, 'APPROVED', '2020-03-02 18:19:24'),
(3, 111111111111, 7, 'AP 7', 3, 85, 'APPROVED', '2020-03-02 18:19:24'),
(4, 111111111111, 7, 'AP 7', 4, 85, 'APPROVED', '2020-03-02 18:19:24'),
(5, 111111111111, 7, 'ENG 7 ', 1, 85, 'APPROVED', '2020-03-02 18:19:24'),
(6, 111111111111, 7, 'ENG 7 ', 2, 85, 'APPROVED', '2020-03-02 18:19:24'),
(7, 111111111111, 7, 'ENG 7 ', 3, 85, 'APPROVED', '2020-03-02 18:19:24'),
(8, 111111111111, 7, 'ENG 7 ', 4, 85, 'APPROVED', '2020-03-02 18:19:24'),
(9, 111111111111, 7, 'ESP 7', 1, 85, 'APPROVED', '2020-03-02 18:19:24'),
(10, 111111111111, 7, 'ESP 7', 2, 85, 'APPROVED', '2020-03-02 18:19:24'),
(11, 111111111111, 7, 'ESP 7', 3, 85, 'APPROVED', '2020-03-02 18:19:24'),
(12, 111111111111, 7, 'ESP 7', 4, 85, 'APPROVED', '2020-03-02 18:19:24'),
(13, 111111111111, 7, 'FIL 7', 1, 85, 'APPROVED', '2020-03-02 18:19:24'),
(14, 111111111111, 7, 'FIL 7', 2, 85, 'APPROVED', '2020-03-02 18:19:24'),
(15, 111111111111, 7, 'FIL 7', 3, 85, 'APPROVED', '2020-03-02 18:19:24'),
(16, 111111111111, 7, 'FIL 7', 4, 85, 'APPROVED', '2020-03-02 18:19:24'),
(17, 111111111111, 7, 'MUSIC 7', 1, 85, 'APPROVED', '2020-03-02 18:19:24'),
(18, 111111111111, 7, 'MUSIC 7', 2, 85, 'APPROVED', '2020-03-02 18:19:24'),
(19, 111111111111, 7, 'MUSIC 7', 3, 85, 'APPROVED', '2020-03-02 18:19:24'),
(20, 111111111111, 7, 'MUSIC 7', 4, 85, 'APPROVED', '2020-03-02 18:19:24'),
(21, 111111111111, 7, 'ARTS 7', 1, 85, 'APPROVED', '2020-03-02 18:19:24'),
(22, 111111111111, 7, 'ARTS 7', 2, 85, 'APPROVED', '2020-03-02 18:19:24'),
(23, 111111111111, 7, 'ARTS 7', 3, 85, 'APPROVED', '2020-03-02 18:19:24'),
(24, 111111111111, 7, 'ARTS 7', 4, 85, 'APPROVED', '2020-03-02 18:19:24'),
(25, 111111111111, 7, 'PE 7', 1, 85, 'APPROVED', '2020-03-02 18:19:24'),
(26, 111111111111, 7, 'PE 7', 2, 85, 'APPROVED', '2020-03-02 18:19:24'),
(27, 111111111111, 7, 'PE 7', 3, 85, 'APPROVED', '2020-03-02 18:19:24'),
(28, 111111111111, 7, 'PE 7', 4, 85, 'APPROVED', '2020-03-02 18:19:24'),
(29, 111111111111, 7, 'HEALTH 7', 1, 85, 'APPROVED', '2020-03-02 18:19:24'),
(30, 111111111111, 7, 'HEALTH 7', 2, 85, 'APPROVED', '2020-03-02 18:19:24'),
(31, 111111111111, 7, 'HEALTH 7', 3, 85, 'APPROVED', '2020-03-02 18:19:24'),
(32, 111111111111, 7, 'HEALTH 7', 4, 85, 'APPROVED', '2020-03-02 18:19:24'),
(33, 111111111111, 7, 'MATH 7A', 1, 85, 'APPROVED', '2020-03-02 18:19:24'),
(34, 111111111111, 7, 'MATH 7A', 2, 85, 'APPROVED', '2020-03-02 18:19:24'),
(35, 111111111111, 7, 'MATH 7A', 3, 85, 'APPROVED', '2020-03-02 18:19:24'),
(36, 111111111111, 7, 'MATH 7A', 4, 85, 'APPROVED', '2020-03-02 18:19:24'),
(37, 111111111111, 7, 'MATH 7B', 1, 85, 'APPROVED', '2020-03-02 18:19:24'),
(38, 111111111111, 7, 'MATH 7B', 2, 85, 'APPROVED', '2020-03-02 18:19:24'),
(39, 111111111111, 7, 'MATH 7B', 3, 85, 'APPROVED', '2020-03-02 18:19:24'),
(40, 111111111111, 7, 'MATH 7B', 4, 85, 'APPROVED', '2020-03-02 18:19:24'),
(41, 111111111111, 7, 'RESEARCH 7', 1, 85, 'APPROVED', '2020-03-02 18:19:24'),
(42, 111111111111, 7, 'RESEARCH 7', 2, 85, 'APPROVED', '2020-03-02 18:19:24'),
(43, 111111111111, 7, 'RESEARCH 7', 3, 85, 'APPROVED', '2020-03-02 18:19:24'),
(44, 111111111111, 7, 'RESEARCH 7', 4, 85, 'APPROVED', '2020-03-02 18:19:24'),
(45, 111111111111, 7, 'SCI 7A', 1, 85, 'APPROVED', '2020-03-02 18:19:24'),
(46, 111111111111, 7, 'SCI 7A', 2, 85, 'APPROVED', '2020-03-02 18:19:24'),
(47, 111111111111, 7, 'SCI 7A', 3, 85, 'APPROVED', '2020-03-02 18:19:24'),
(48, 111111111111, 7, 'SCI 7A', 4, 85, 'APPROVED', '2020-03-02 18:19:24'),
(49, 111111111111, 7, 'SCI 7B', 1, 85, 'APPROVED', '2020-03-02 18:19:24'),
(50, 111111111111, 7, 'SCI 7B', 2, 85, 'APPROVED', '2020-03-02 18:19:24'),
(51, 111111111111, 7, 'SCI 7B', 3, 85, 'APPROVED', '2020-03-02 18:19:24'),
(52, 111111111111, 7, 'SCI 7B', 4, 85, 'APPROVED', '2020-03-02 18:19:24'),
(53, 111111111111, 7, 'TLE 7', 1, 85, 'APPROVED', '2020-03-02 18:19:24'),
(54, 111111111111, 7, 'TLE 7', 2, 85, 'APPROVED', '2020-03-02 18:19:24'),
(55, 111111111111, 7, 'TLE 7', 3, 85, 'APPROVED', '2020-03-02 18:19:24'),
(56, 111111111111, 7, 'TLE 7', 4, 85, 'APPROVED', '2020-03-02 18:19:24'),
(57, 111111111111, 8, 'AP 8', 1, 88, 'APPROVED', '2020-03-02 18:19:24'),
(58, 111111111111, 8, 'AP 8', 2, 90, 'APPROVED', '2020-03-02 18:19:24'),
(59, 111111111111, 8, 'AP 8', 3, 91, 'APPROVED', '2020-03-02 18:19:24'),
(60, 111111111111, 8, 'AP 8', 4, 90, 'APPROVED', '2020-03-02 18:19:24'),
(61, 111111111111, 8, 'ENG 8', 1, 86, 'APPROVED', '2020-03-02 18:19:24'),
(62, 111111111111, 8, 'ENG 8', 2, 86, 'APPROVED', '2020-03-02 18:19:24'),
(63, 111111111111, 8, 'ENG 8', 3, 90, 'APPROVED', '2020-03-02 18:19:24'),
(64, 111111111111, 8, 'ENG 8', 4, 92, 'APPROVED', '2020-03-02 18:19:24'),
(65, 111111111111, 8, 'ESP 8', 1, 96, 'APPROVED', '2020-03-02 18:19:24'),
(66, 111111111111, 8, 'ESP 8', 2, 92, 'APPROVED', '2020-03-02 18:19:24'),
(67, 111111111111, 8, 'ESP 8', 3, 96, 'APPROVED', '2020-03-02 18:19:24'),
(68, 111111111111, 8, 'ESP 8', 4, 93, 'APPROVED', '2020-03-02 18:19:24'),
(69, 111111111111, 8, 'FIL 8', 1, 86, 'APPROVED', '2020-03-02 18:19:24'),
(70, 111111111111, 8, 'FIL 8', 2, 86, 'APPROVED', '2020-03-02 18:19:24'),
(71, 111111111111, 8, 'FIL 8', 3, 90, 'APPROVED', '2020-03-02 18:19:24'),
(72, 111111111111, 8, 'FIL 8', 4, 92, 'APPROVED', '2020-03-02 18:19:24'),
(73, 111111111111, 8, 'MUSIC 8', 1, 87, 'APPROVED', '2020-03-02 18:19:24'),
(74, 111111111111, 8, 'MUSIC 8', 2, 87, 'APPROVED', '2020-03-02 18:19:24'),
(75, 111111111111, 8, 'MUSIC 8', 3, 89, 'APPROVED', '2020-03-02 18:19:24'),
(76, 111111111111, 8, 'MUSIC 8', 4, 95, 'APPROVED', '2020-03-02 18:19:24'),
(77, 111111111111, 8, 'ARTS 8', 1, 85, 'APPROVED', '2020-03-02 18:19:24'),
(78, 111111111111, 8, 'ARTS 8', 2, 91, 'APPROVED', '2020-03-02 18:19:24'),
(79, 111111111111, 8, 'ARTS 8', 3, 91, 'APPROVED', '2020-03-02 18:19:24'),
(80, 111111111111, 8, 'ARTS 8', 4, 95, 'APPROVED', '2020-03-02 18:19:24'),
(81, 111111111111, 8, 'PE 8', 1, 83, 'APPROVED', '2020-03-02 18:19:24'),
(82, 111111111111, 8, 'PE 8', 2, 89, 'APPROVED', '2020-03-02 18:19:24'),
(83, 111111111111, 8, 'PE 8', 3, 91, 'APPROVED', '2020-03-02 18:19:24'),
(84, 111111111111, 8, 'PE 8', 4, 93, 'APPROVED', '2020-03-02 18:19:24'),
(85, 111111111111, 8, 'HEALTH 8', 1, 84, 'APPROVED', '2020-03-02 18:19:24'),
(86, 111111111111, 8, 'HEALTH 8', 2, 88, 'APPROVED', '2020-03-02 18:19:24'),
(87, 111111111111, 8, 'HEALTH 8', 3, 89, 'APPROVED', '2020-03-02 18:19:24'),
(88, 111111111111, 8, 'HEALTH 8', 4, 92, 'APPROVED', '2020-03-02 18:19:24'),
(89, 111111111111, 8, 'MATH 8A', 1, 80, 'APPROVED', '2020-03-02 18:19:24'),
(90, 111111111111, 8, 'MATH 8A', 2, 80, 'APPROVED', '2020-03-02 18:19:24'),
(91, 111111111111, 8, 'MATH 8A', 3, 87, 'APPROVED', '2020-03-02 18:19:24'),
(92, 111111111111, 8, 'MATH 8A', 4, 86, 'APPROVED', '2020-03-02 18:19:24'),
(93, 111111111111, 8, 'MATH 8B', 1, 87, 'APPROVED', '2020-03-02 18:19:24'),
(94, 111111111111, 8, 'MATH 8B', 2, 86, 'APPROVED', '2020-03-02 18:19:24'),
(95, 111111111111, 8, 'MATH 8B', 3, 83, 'APPROVED', '2020-03-02 18:19:24'),
(96, 111111111111, 8, 'MATH 8B', 4, 86, 'APPROVED', '2020-03-02 18:19:24'),
(97, 111111111111, 8, 'SCI 8A', 1, 83, 'APPROVED', '2020-03-02 18:19:24'),
(98, 111111111111, 8, 'SCI 8A', 2, 86, 'APPROVED', '2020-03-02 18:19:24'),
(99, 111111111111, 8, 'SCI 8A', 3, 86, 'APPROVED', '2020-03-02 18:19:24'),
(100, 111111111111, 8, 'SCI 8A', 4, 89, 'APPROVED', '2020-03-02 18:19:24'),
(101, 111111111111, 8, 'RESEARCH 8', 1, 88, 'APPROVED', '2020-03-02 18:19:24'),
(102, 111111111111, 8, 'RESEARCH 8', 2, 88, 'APPROVED', '2020-03-02 18:19:24'),
(103, 111111111111, 8, 'RESEARCH 8', 3, 85, 'APPROVED', '2020-03-02 18:19:24'),
(104, 111111111111, 8, 'RESEARCH 8', 4, 96, 'APPROVED', '2020-03-02 18:19:24'),
(105, 111111111111, 8, 'SCI 8B', 1, 83, 'APPROVED', '2020-03-02 18:19:24'),
(106, 111111111111, 8, 'SCI 8B', 2, 88, 'APPROVED', '2020-03-02 18:19:24'),
(107, 111111111111, 8, 'SCI 8B', 3, 85, 'APPROVED', '2020-03-02 18:19:24'),
(108, 111111111111, 8, 'SCI 8B', 4, 89, 'APPROVED', '2020-03-02 18:19:24'),
(110, 111111111111, 8, 'TLE 8', 2, 90, 'APPROVED', '2020-03-02 18:19:24'),
(111, 111111111111, 8, 'TLE 8', 3, 91, 'APPROVED', '2020-03-02 18:19:24'),
(112, 111111111111, 8, 'TLE 8', 4, 92, 'APPROVED', '2020-03-02 18:19:24'),
(113, 111111111111, 8, 'TLE 8', 1, 87, 'APPROVED', '2020-03-02 18:19:24'),
(114, 111111111111, 9, 'AP 9', 1, 90, 'APPROVED', '2020-03-02 18:19:24'),
(115, 111111111111, 9, 'AP 9', 2, 90, 'APPROVED', '2020-03-02 18:19:24'),
(116, 111111111111, 9, 'AP 9', 3, 90, 'APPROVED', '2020-03-02 18:19:24'),
(117, 111111111111, 9, 'AP 9', 4, 90, 'APPROVED', '2020-03-02 18:19:24'),
(118, 111111111111, 9, 'ENG 9', 1, 90, 'APPROVED', '2020-03-02 18:19:24'),
(119, 111111111111, 9, 'ENG 9', 2, 90, 'APPROVED', '2020-03-02 18:19:24'),
(120, 111111111111, 9, 'ENG 9', 3, 90, 'APPROVED', '2020-03-02 18:19:24'),
(121, 111111111111, 9, 'ENG 9', 4, 90, 'APPROVED', '2020-03-02 18:19:24'),
(122, 111111111111, 9, 'ESP 9', 1, 90, 'APPROVED', '2020-03-02 18:19:24'),
(123, 111111111111, 9, 'ESP 9', 2, 90, 'APPROVED', '2020-03-02 18:19:24'),
(124, 111111111111, 9, 'ESP 9', 3, 90, 'APPROVED', '2020-03-02 18:19:24'),
(125, 111111111111, 9, 'ESP 9', 4, 90, 'APPROVED', '2020-03-02 18:19:24'),
(126, 111111111111, 9, 'FIL 9', 1, 90, 'APPROVED', '2020-03-02 18:19:24'),
(127, 111111111111, 9, 'FIL 9', 2, 90, 'APPROVED', '2020-03-02 18:19:24'),
(128, 111111111111, 9, 'FIL 9', 3, 90, 'APPROVED', '2020-03-02 18:19:24'),
(129, 111111111111, 9, 'FIL 9', 4, 90, 'APPROVED', '2020-03-02 18:19:24'),
(130, 111111111111, 9, 'FOLA 9', 1, 90, 'APPROVED', '2020-03-02 18:19:24'),
(131, 111111111111, 9, 'FOLA 9', 2, 90, 'APPROVED', '2020-03-02 18:19:24'),
(132, 111111111111, 9, 'FOLA 9', 3, 90, 'APPROVED', '2020-03-02 18:19:24'),
(133, 111111111111, 9, 'FOLA 9', 4, 90, 'APPROVED', '2020-03-02 18:19:24'),
(134, 111111111111, 9, 'MUSIC 9', 1, 90, 'APPROVED', '2020-03-02 18:19:24'),
(135, 111111111111, 9, 'MUSIC 9', 2, 90, 'APPROVED', '2020-03-02 18:19:24'),
(136, 111111111111, 9, 'MUSIC 9', 3, 90, 'APPROVED', '2020-03-02 18:19:24'),
(137, 111111111111, 9, 'MUSIC 9', 4, 90, 'APPROVED', '2020-03-02 18:19:24'),
(138, 111111111111, 9, 'ARTS 9', 1, 90, 'APPROVED', '2020-03-02 18:19:24'),
(139, 111111111111, 9, 'ARTS 9', 2, 90, 'APPROVED', '2020-03-02 18:19:24'),
(140, 111111111111, 9, 'ARTS 9', 3, 90, 'APPROVED', '2020-03-02 18:19:24'),
(141, 111111111111, 9, 'ARTS 9', 4, 90, 'APPROVED', '2020-03-02 18:19:24'),
(142, 111111111111, 9, 'PE 9', 1, 90, 'APPROVED', '2020-03-02 18:19:24'),
(143, 111111111111, 9, 'PE 9', 2, 90, 'APPROVED', '2020-03-02 18:19:24'),
(144, 111111111111, 9, 'PE 9', 3, 90, 'APPROVED', '2020-03-02 18:19:24'),
(145, 111111111111, 9, 'PE 9', 4, 90, 'APPROVED', '2020-03-02 18:19:24'),
(146, 111111111111, 9, 'HEALTH 9', 1, 90, 'APPROVED', '2020-03-02 18:19:24'),
(147, 111111111111, 9, 'HEALTH 9', 2, 90, 'APPROVED', '2020-03-02 18:19:24'),
(148, 111111111111, 9, 'HEALTH 9', 3, 90, 'APPROVED', '2020-03-02 18:19:24'),
(149, 111111111111, 9, 'HEALTH 9', 4, 90, 'APPROVED', '2020-03-02 18:19:24'),
(150, 111111111111, 9, 'MATH 9A', 1, 90, 'APPROVED', '2020-03-02 18:19:24'),
(151, 111111111111, 9, 'MATH 9A', 2, 90, 'APPROVED', '2020-03-02 18:19:24'),
(152, 111111111111, 9, 'MATH 9A', 3, 90, 'APPROVED', '2020-03-02 18:19:24'),
(153, 111111111111, 9, 'MATH 9A', 4, 90, 'APPROVED', '2020-03-02 18:19:24'),
(154, 111111111111, 9, 'MATH 9B', 1, 90, 'APPROVED', '2020-03-02 18:19:24'),
(155, 111111111111, 9, 'MATH 9B', 2, 90, 'APPROVED', '2020-03-02 18:19:24'),
(156, 111111111111, 9, 'MATH 9B', 3, 90, 'APPROVED', '2020-03-02 18:19:24'),
(157, 111111111111, 9, 'MATH 9B', 4, 90, 'APPROVED', '2020-03-02 18:19:24'),
(158, 111111111111, 9, 'SCI 9A', 1, 90, 'APPROVED', '2020-03-02 18:19:24'),
(159, 111111111111, 9, 'SCI 9A', 2, 90, 'APPROVED', '2020-03-02 18:19:24'),
(160, 111111111111, 9, 'SCI 9A', 3, 90, 'APPROVED', '2020-03-02 18:19:24'),
(161, 111111111111, 9, 'SCI 9A', 4, 90, 'APPROVED', '2020-03-02 18:19:24'),
(162, 111111111111, 9, 'SCI 9B', 1, 90, 'APPROVED', '2020-03-02 18:19:24'),
(163, 111111111111, 9, 'SCI 9B', 2, 90, 'APPROVED', '2020-03-02 18:19:24'),
(164, 111111111111, 9, 'SCI 9B', 3, 90, 'APPROVED', '2020-03-02 18:19:24'),
(165, 111111111111, 9, 'SCI 9B', 4, 90, 'APPROVED', '2020-03-02 18:19:24'),
(166, 111111111111, 9, 'TLE 9', 1, 90, 'APPROVED', '2020-03-02 18:19:24'),
(167, 111111111111, 9, 'TLE 9', 2, 90, 'APPROVED', '2020-03-02 18:19:24'),
(168, 111111111111, 9, 'TLE 9', 3, 90, 'APPROVED', '2020-03-02 18:19:24'),
(169, 111111111111, 9, 'TLE 9', 4, 90, 'APPROVED', '2020-03-02 18:19:24'),
(170, 111111111111, 10, 'AP 10', 1, 95, 'APPROVED', '2020-03-02 18:19:24'),
(171, 111111111111, 10, 'AP 10', 2, 95, 'APPROVED', '2020-03-02 18:19:24'),
(172, 111111111111, 10, 'AP 10', 3, 95, 'APPROVED', '2020-03-02 18:19:24'),
(173, 111111111111, 10, 'AP 10', 4, 95, 'APPROVED', '2020-03-02 18:19:24'),
(174, 111111111111, 10, 'ENG 10', 1, 95, 'APPROVED', '2020-03-02 18:19:24'),
(175, 111111111111, 10, 'ENG 10', 2, 95, 'APPROVED', '2020-03-02 18:19:24'),
(176, 111111111111, 10, 'ENG 10', 3, 95, 'APPROVED', '2020-03-02 18:19:24'),
(177, 111111111111, 10, 'ENG 10', 4, 95, 'APPROVED', '2020-03-02 18:19:24'),
(178, 111111111111, 10, 'ESP 10', 1, 95, 'APPROVED', '2020-03-02 18:19:24'),
(179, 111111111111, 10, 'ESP 10', 2, 95, 'APPROVED', '2020-03-02 18:19:24'),
(180, 111111111111, 10, 'ESP 10', 3, 95, 'APPROVED', '2020-03-02 18:19:24'),
(181, 111111111111, 10, 'ESP 10', 4, 95, 'APPROVED', '2020-03-02 18:19:24'),
(182, 111111111111, 10, 'FIL 10', 1, 95, 'APPROVED', '2020-03-02 18:19:24'),
(183, 111111111111, 10, 'FIL 10', 2, 95, 'APPROVED', '2020-03-02 18:19:24'),
(184, 111111111111, 10, 'FIL 10', 3, 95, 'APPROVED', '2020-03-02 18:19:24'),
(185, 111111111111, 10, 'FIL 10', 4, 95, 'APPROVED', '2020-03-02 18:19:24'),
(186, 111111111111, 10, 'FOLA 10', 1, 95, 'APPROVED', '2020-03-02 18:19:24'),
(187, 111111111111, 10, 'FOLA 10', 2, 95, 'APPROVED', '2020-03-02 18:19:24'),
(188, 111111111111, 10, 'FOLA 10', 3, 95, 'APPROVED', '2020-03-02 18:19:24'),
(189, 111111111111, 10, 'FOLA 10', 4, 95, 'APPROVED', '2020-03-02 18:19:24'),
(190, 111111111111, 10, 'MUSIC 10', 1, 95, 'APPROVED', '2020-03-02 18:19:24'),
(191, 111111111111, 10, 'MUSIC 10', 2, 95, 'APPROVED', '2020-03-02 18:19:24'),
(192, 111111111111, 10, 'MUSIC 10', 3, 95, 'APPROVED', '2020-03-02 18:19:24'),
(193, 111111111111, 10, 'MUSIC 10', 4, 95, 'APPROVED', '2020-03-02 18:19:24'),
(194, 111111111111, 10, 'ARTS 10', 1, 95, 'APPROVED', '2020-03-02 18:19:24'),
(195, 111111111111, 10, 'ARTS 10', 2, 95, 'APPROVED', '2020-03-02 18:19:24'),
(196, 111111111111, 10, 'ARTS 10', 3, 95, 'APPROVED', '2020-03-02 18:19:24'),
(197, 111111111111, 10, 'ARTS 10', 4, 95, 'APPROVED', '2020-03-02 18:19:24'),
(198, 111111111111, 10, 'PE 10', 1, 95, 'APPROVED', '2020-03-02 18:19:24'),
(199, 111111111111, 10, 'PE 10', 2, 95, 'APPROVED', '2020-03-02 18:19:24'),
(200, 111111111111, 10, 'PE 10', 3, 95, 'APPROVED', '2020-03-02 18:19:24'),
(201, 111111111111, 10, 'PE 10', 4, 95, 'APPROVED', '2020-03-02 18:19:24'),
(202, 111111111111, 10, 'HEALTH 10', 1, 95, 'APPROVED', '2020-03-02 18:19:24'),
(203, 111111111111, 10, 'HEALTH 10', 2, 95, 'APPROVED', '2020-03-02 18:19:24'),
(204, 111111111111, 10, 'HEALTH 10', 3, 95, 'APPROVED', '2020-03-02 18:19:24'),
(205, 111111111111, 10, 'HEALTH 10', 4, 95, 'APPROVED', '2020-03-02 18:19:24'),
(206, 111111111111, 10, 'MATH 10A', 1, 95, 'APPROVED', '2020-03-02 18:19:24'),
(207, 111111111111, 10, 'MATH 10A', 2, 95, 'APPROVED', '2020-03-02 18:19:24'),
(208, 111111111111, 10, 'MATH 10A', 3, 95, 'APPROVED', '2020-03-02 18:19:24'),
(209, 111111111111, 10, 'MATH 10A', 4, 95, 'APPROVED', '2020-03-02 18:19:24'),
(210, 111111111111, 10, 'MATH 10B', 1, 95, 'APPROVED', '2020-03-02 18:19:24'),
(211, 111111111111, 10, 'MATH 10B', 2, 95, 'APPROVED', '2020-03-02 18:19:24'),
(212, 111111111111, 10, 'MATH 10B', 3, 95, 'APPROVED', '2020-03-02 18:19:24'),
(213, 111111111111, 10, 'MATH 10B', 4, 95, 'APPROVED', '2020-03-02 18:19:24'),
(214, 111111111111, 10, 'SCI 10A', 1, 95, 'APPROVED', '2020-03-02 18:19:24'),
(215, 111111111111, 10, 'SCI 10A', 2, 95, 'APPROVED', '2020-03-02 18:19:24'),
(216, 111111111111, 10, 'SCI 10A', 3, 95, 'APPROVED', '2020-03-02 18:19:24'),
(217, 111111111111, 10, 'SCI 10A', 4, 95, 'APPROVED', '2020-03-02 18:19:24'),
(218, 111111111111, 10, 'SCI 10B', 1, 95, 'APPROVED', '2020-03-02 18:19:24'),
(219, 111111111111, 10, 'SCI 10B', 2, 95, 'APPROVED', '2020-03-02 18:19:24'),
(220, 111111111111, 10, 'SCI 10B', 3, 95, 'APPROVED', '2020-03-02 18:19:24'),
(221, 111111111111, 10, 'SCI 10B', 4, 95, 'APPROVED', '2020-03-02 18:19:24'),
(222, 111111111111, 10, 'TLE 10', 1, 95, 'APPROVED', '2020-03-02 18:19:24'),
(223, 111111111111, 10, 'TLE 10', 2, 95, 'APPROVED', '2020-03-02 18:19:24'),
(224, 111111111111, 10, 'TLE 10', 3, 95, 'APPROVED', '2020-03-02 18:19:24'),
(225, 111111111111, 10, 'TLE 10', 4, 95, 'APPROVED', '2020-03-02 18:19:24'),
(226, 394328483211, 7, 'AP 7', 4, 80, 'PENDING', '2020-03-02 17:08:29'),
(227, 123456789123, 7, 'AP 7', 4, 80, 'PENDING', '2020-03-02 17:08:29'),
(228, 199494113333, 7, 'AP 7', 4, 80, 'PENDING', '2020-03-02 17:08:29'),
(229, 472429112122, 7, 'AP 7', 4, 80, 'PENDING', '2020-03-02 17:08:29'),
(230, 567890321425, 7, 'AP 7', 4, 80, 'PENDING', '2020-03-02 17:08:29'),
(231, 155366694777, 7, 'AP 7', 4, 80, 'PENDING', '2020-03-02 17:08:29'),
(232, 567890321425, 7, 'FIL 7', 4, 80, 'PENDING', '2020-03-02 17:08:29'),
(233, 155366694777, 7, 'FIL 7', 4, 80, 'PENDING', '2020-03-02 17:08:29'),
(234, 123456789123, 7, 'FIL 7', 4, 80, 'PENDING', '2020-03-02 17:08:29'),
(235, 472429112122, 7, 'FIL 7', 4, 80, 'PENDING', '2020-03-02 17:08:29'),
(236, 199494113333, 7, 'FIL 7', 4, 80, 'PENDING', '2020-03-02 17:08:29'),
(237, 394328483211, 7, 'FIL 7', 4, 80, 'PENDING', '2020-03-02 17:08:29');

--
-- Triggers `grade_subject`
--
DELIMITER $$
CREATE TRIGGER `AFTER INSERT grade_subject` AFTER INSERT ON `grade_subject` FOR EACH ROW INSERT INTO grade_subject_backup
SELECT *, "CREATED"
FROM grade_subject
WHERE GradeID = new.GradeID
$$
DELIMITER ;
DELIMITER $$
CREATE TRIGGER `AFTER UPDATE grade_subject` AFTER UPDATE ON `grade_subject` FOR EACH ROW INSERT INTO grade_subject_backup
SELECT *, "UPDATED"
FROM grade_subject
WHERE GradeID = new.GradeID
$$
DELIMITER ;

-- --------------------------------------------------------

--
-- Table structure for table `grade_subject_backup`
--

CREATE TABLE `grade_subject_backup` (
  `GradeID` int(11) NOT NULL,
  `LRNNum` bigint(12) NOT NULL,
  `GradeLevel` int(11) NOT NULL,
  `SubjectCode` varchar(50) NOT NULL,
  `Quarter` int(11) NOT NULL,
  `GradeRating` int(11) NOT NULL,
  `Status` varchar(20) NOT NULL,
  `DateCreated` timestamp NOT NULL DEFAULT CURRENT_TIMESTAMP ON UPDATE CURRENT_TIMESTAMP
) ENGINE=InnoDB DEFAULT CHARSET=latin1;

--
-- Dumping data for table `grade_subject_backup`
--

INSERT INTO `grade_subject_backup` (`GradeID`, `LRNNum`, `GradeLevel`, `SubjectCode`, `Quarter`, `GradeRating`, `Status`, `DateCreated`) VALUES
(1, 111111111111, 7, 'AP 7', 1, 85, 'APPROVED', '2020-03-02 18:19:24'),
(2, 111111111111, 7, 'AP 7', 2, 85, 'APPROVED', '2020-03-02 18:19:24'),
(3, 111111111111, 7, 'AP 7', 3, 85, 'APPROVED', '2020-03-02 18:19:24'),
(4, 111111111111, 7, 'AP 7', 4, 85, 'APPROVED', '2020-03-02 18:19:24'),
(5, 111111111111, 7, 'ENG 7 ', 1, 85, 'APPROVED', '2020-03-02 18:19:24'),
(6, 111111111111, 7, 'ENG 7 ', 2, 85, 'APPROVED', '2020-03-02 18:19:24'),
(7, 111111111111, 7, 'ENG 7 ', 3, 85, 'APPROVED', '2020-03-02 18:19:24'),
(8, 111111111111, 7, 'ENG 7 ', 4, 85, 'APPROVED', '2020-03-02 18:19:24'),
(9, 111111111111, 7, 'ESP 7', 1, 85, 'APPROVED', '2020-03-02 18:19:24'),
(10, 111111111111, 7, 'ESP 7', 2, 85, 'APPROVED', '2020-03-02 18:19:24'),
(11, 111111111111, 7, 'ESP 7', 3, 85, 'APPROVED', '2020-03-02 18:19:24'),
(12, 111111111111, 7, 'ESP 7', 4, 85, 'APPROVED', '2020-03-02 18:19:24'),
(13, 111111111111, 7, 'FIL 7', 1, 85, 'APPROVED', '2020-03-02 18:19:24'),
(14, 111111111111, 7, 'FIL 7', 2, 85, 'APPROVED', '2020-03-02 18:19:24'),
(15, 111111111111, 7, 'FIL 7', 3, 85, 'APPROVED', '2020-03-02 18:19:24'),
(16, 111111111111, 7, 'FIL 7', 4, 85, 'APPROVED', '2020-03-02 18:19:24'),
(17, 111111111111, 7, 'MUSIC 7', 1, 85, 'APPROVED', '2020-03-02 18:19:24'),
(18, 111111111111, 7, 'MUSIC 7', 2, 85, 'APPROVED', '2020-03-02 18:19:24'),
(19, 111111111111, 7, 'MUSIC 7', 3, 85, 'APPROVED', '2020-03-02 18:19:24'),
(20, 111111111111, 7, 'MUSIC 7', 4, 85, 'APPROVED', '2020-03-02 18:19:24'),
(21, 111111111111, 7, 'ARTS 7', 1, 85, 'APPROVED', '2020-03-02 18:19:24'),
(22, 111111111111, 7, 'ARTS 7', 2, 85, 'APPROVED', '2020-03-02 18:19:24'),
(23, 111111111111, 7, 'ARTS 7', 3, 85, 'APPROVED', '2020-03-02 18:19:24'),
(24, 111111111111, 7, 'ARTS 7', 4, 85, 'APPROVED', '2020-03-02 18:19:24'),
(25, 111111111111, 7, 'PE 7', 1, 85, 'APPROVED', '2020-03-02 18:19:24'),
(26, 111111111111, 7, 'PE 7', 2, 85, 'APPROVED', '2020-03-02 18:19:24'),
(27, 111111111111, 7, 'PE 7', 3, 85, 'APPROVED', '2020-03-02 18:19:24'),
(28, 111111111111, 7, 'PE 7', 4, 85, 'APPROVED', '2020-03-02 18:19:24'),
(29, 111111111111, 7, 'HEALTH 7', 1, 85, 'APPROVED', '2020-03-02 18:19:24'),
(30, 111111111111, 7, 'HEALTH 7', 2, 85, 'APPROVED', '2020-03-02 18:19:24'),
(31, 111111111111, 7, 'HEALTH 7', 3, 85, 'APPROVED', '2020-03-02 18:19:24'),
(32, 111111111111, 7, 'HEALTH 7', 4, 85, 'APPROVED', '2020-03-02 18:19:24'),
(33, 111111111111, 7, 'MATH 7A', 1, 85, 'APPROVED', '2020-03-02 18:19:24'),
(34, 111111111111, 7, 'MATH 7A', 2, 85, 'APPROVED', '2020-03-02 18:19:24'),
(35, 111111111111, 7, 'MATH 7A', 3, 85, 'APPROVED', '2020-03-02 18:19:24'),
(36, 111111111111, 7, 'MATH 7A', 4, 85, 'APPROVED', '2020-03-02 18:19:24'),
(37, 111111111111, 7, 'MATH 7B', 1, 85, 'APPROVED', '2020-03-02 18:19:24'),
(38, 111111111111, 7, 'MATH 7B', 2, 85, 'APPROVED', '2020-03-02 18:19:24'),
(39, 111111111111, 7, 'MATH 7B', 3, 85, 'APPROVED', '2020-03-02 18:19:24'),
(40, 111111111111, 7, 'MATH 7B', 4, 85, 'APPROVED', '2020-03-02 18:19:24'),
(41, 111111111111, 7, 'RESEARCH 7', 1, 85, 'APPROVED', '2020-03-02 18:19:24'),
(42, 111111111111, 7, 'RESEARCH 7', 2, 85, 'APPROVED', '2020-03-02 18:19:24'),
(43, 111111111111, 7, 'RESEARCH 7', 3, 85, 'APPROVED', '2020-03-02 18:19:24'),
(44, 111111111111, 7, 'RESEARCH 7', 4, 85, 'APPROVED', '2020-03-02 18:19:24'),
(45, 111111111111, 7, 'SCI 7A', 1, 85, 'APPROVED', '2020-03-02 18:19:24'),
(46, 111111111111, 7, 'SCI 7A', 2, 85, 'APPROVED', '2020-03-02 18:19:24'),
(47, 111111111111, 7, 'SCI 7A', 3, 85, 'APPROVED', '2020-03-02 18:19:24'),
(48, 111111111111, 7, 'SCI 7A', 4, 85, 'APPROVED', '2020-03-02 18:19:24'),
(49, 111111111111, 7, 'SCI 7B', 1, 85, 'APPROVED', '2020-03-02 18:19:24'),
(50, 111111111111, 7, 'SCI 7B', 2, 85, 'APPROVED', '2020-03-02 18:19:24'),
(51, 111111111111, 7, 'SCI 7B', 3, 85, 'APPROVED', '2020-03-02 18:19:24'),
(52, 111111111111, 7, 'SCI 7B', 4, 85, 'APPROVED', '2020-03-02 18:19:24'),
(53, 111111111111, 7, 'TLE 7', 1, 85, 'APPROVED', '2020-03-02 18:19:24'),
(54, 111111111111, 7, 'TLE 7', 2, 85, 'APPROVED', '2020-03-02 18:19:24'),
(55, 111111111111, 7, 'TLE 7', 3, 85, 'APPROVED', '2020-03-02 18:19:24'),
(56, 111111111111, 7, 'TLE 7', 4, 85, 'APPROVED', '2020-03-02 18:19:24'),
(57, 111111111111, 8, 'AP 8', 1, 88, 'APPROVED', '2020-03-02 18:19:24'),
(58, 111111111111, 8, 'AP 8', 2, 90, 'APPROVED', '2020-03-02 18:19:24'),
(59, 111111111111, 8, 'AP 8', 3, 91, 'APPROVED', '2020-03-02 18:19:24'),
(60, 111111111111, 8, 'AP 8', 4, 90, 'APPROVED', '2020-03-02 18:19:24'),
(61, 111111111111, 8, 'ENG 8', 1, 86, 'APPROVED', '2020-03-02 18:19:24'),
(62, 111111111111, 8, 'ENG 8', 2, 86, 'APPROVED', '2020-03-02 18:19:24'),
(63, 111111111111, 8, 'ENG 8', 3, 90, 'APPROVED', '2020-03-02 18:19:24'),
(64, 111111111111, 8, 'ENG 8', 4, 92, 'APPROVED', '2020-03-02 18:19:24'),
(65, 111111111111, 8, 'ESP 8', 1, 96, 'APPROVED', '2020-03-02 18:19:24'),
(66, 111111111111, 8, 'ESP 8', 2, 92, 'APPROVED', '2020-03-02 18:19:24'),
(67, 111111111111, 8, 'ESP 8', 3, 96, 'APPROVED', '2020-03-02 18:19:24'),
(68, 111111111111, 8, 'ESP 8', 4, 93, 'APPROVED', '2020-03-02 18:19:24'),
(69, 111111111111, 8, 'FIL 8', 1, 86, 'APPROVED', '2020-03-02 18:19:24'),
(70, 111111111111, 8, 'FIL 8', 2, 86, 'APPROVED', '2020-03-02 18:19:24'),
(71, 111111111111, 8, 'FIL 8', 3, 90, 'APPROVED', '2020-03-02 18:19:24'),
(72, 111111111111, 8, 'FIL 8', 4, 92, 'APPROVED', '2020-03-02 18:19:24'),
(73, 111111111111, 8, 'MUSIC 8', 1, 87, 'APPROVED', '2020-03-02 18:19:24'),
(74, 111111111111, 8, 'MUSIC 8', 2, 87, 'APPROVED', '2020-03-02 18:19:24'),
(75, 111111111111, 8, 'MUSIC 8', 3, 89, 'APPROVED', '2020-03-02 18:19:24'),
(76, 111111111111, 8, 'MUSIC 8', 4, 95, 'APPROVED', '2020-03-02 18:19:24'),
(77, 111111111111, 8, 'ARTS 8', 1, 85, 'APPROVED', '2020-03-02 18:19:24'),
(78, 111111111111, 8, 'ARTS 8', 2, 91, 'APPROVED', '2020-03-02 18:19:24'),
(79, 111111111111, 8, 'ARTS 8', 3, 91, 'APPROVED', '2020-03-02 18:19:24'),
(80, 111111111111, 8, 'ARTS 8', 4, 95, 'APPROVED', '2020-03-02 18:19:24'),
(81, 111111111111, 8, 'PE 8', 1, 83, 'APPROVED', '2020-03-02 18:19:24'),
(82, 111111111111, 8, 'PE 8', 2, 89, 'APPROVED', '2020-03-02 18:19:24'),
(83, 111111111111, 8, 'PE 8', 3, 91, 'APPROVED', '2020-03-02 18:19:24'),
(84, 111111111111, 8, 'PE 8', 4, 93, 'APPROVED', '2020-03-02 18:19:24'),
(85, 111111111111, 8, 'HEALTH 8', 1, 84, 'APPROVED', '2020-03-02 18:19:24'),
(86, 111111111111, 8, 'HEALTH 8', 2, 88, 'APPROVED', '2020-03-02 18:19:24'),
(87, 111111111111, 8, 'HEALTH 8', 3, 89, 'APPROVED', '2020-03-02 18:19:24'),
(88, 111111111111, 8, 'HEALTH 8', 4, 92, 'APPROVED', '2020-03-02 18:19:24'),
(89, 111111111111, 8, 'MATH 8A', 1, 80, 'APPROVED', '2020-03-02 18:19:24'),
(90, 111111111111, 8, 'MATH 8A', 2, 80, 'APPROVED', '2020-03-02 18:19:24'),
(91, 111111111111, 8, 'MATH 8A', 3, 87, 'APPROVED', '2020-03-02 18:19:24'),
(92, 111111111111, 8, 'MATH 8A', 4, 86, 'APPROVED', '2020-03-02 18:19:24'),
(93, 111111111111, 8, 'MATH 8B', 1, 87, 'APPROVED', '2020-03-02 18:19:24'),
(94, 111111111111, 8, 'MATH 8B', 2, 86, 'APPROVED', '2020-03-02 18:19:24'),
(95, 111111111111, 8, 'MATH 8B', 3, 83, 'APPROVED', '2020-03-02 18:19:24'),
(96, 111111111111, 8, 'MATH 8B', 4, 86, 'APPROVED', '2020-03-02 18:19:24'),
(97, 111111111111, 8, 'SCI 8A', 1, 83, 'APPROVED', '2020-03-02 18:19:24'),
(98, 111111111111, 8, 'SCI 8A', 2, 86, 'APPROVED', '2020-03-02 18:19:24'),
(99, 111111111111, 8, 'SCI 8A', 3, 86, 'APPROVED', '2020-03-02 18:19:24'),
(100, 111111111111, 8, 'SCI 8A', 4, 89, 'APPROVED', '2020-03-02 18:19:24'),
(101, 111111111111, 8, 'RESEARCH 8', 1, 88, 'APPROVED', '2020-03-02 18:19:24'),
(102, 111111111111, 8, 'RESEARCH 8', 2, 88, 'APPROVED', '2020-03-02 18:19:24'),
(103, 111111111111, 8, 'RESEARCH 8', 3, 85, 'APPROVED', '2020-03-02 18:19:24'),
(104, 111111111111, 8, 'RESEARCH 8', 4, 96, 'APPROVED', '2020-03-02 18:19:24'),
(105, 111111111111, 8, 'SCI 8B', 1, 83, 'APPROVED', '2020-03-02 18:19:24'),
(106, 111111111111, 8, 'SCI 8B', 2, 88, 'APPROVED', '2020-03-02 18:19:24'),
(107, 111111111111, 8, 'SCI 8B', 3, 85, 'APPROVED', '2020-03-02 18:19:24'),
(108, 111111111111, 8, 'SCI 8B', 4, 89, 'APPROVED', '2020-03-02 18:19:24'),
(110, 111111111111, 8, 'TLE 8', 2, 90, 'APPROVED', '2020-03-02 18:19:24'),
(111, 111111111111, 8, 'TLE 8', 3, 91, 'APPROVED', '2020-03-02 18:19:24'),
(112, 111111111111, 8, 'TLE 8', 4, 92, 'APPROVED', '2020-03-02 18:19:24'),
(113, 111111111111, 8, 'TLE 8', 1, 87, 'APPROVED', '2020-03-02 18:19:24'),
(114, 111111111111, 9, 'AP 9', 1, 90, 'APPROVED', '2020-03-02 18:19:24'),
(115, 111111111111, 9, 'AP 9', 2, 90, 'APPROVED', '2020-03-02 18:19:24'),
(116, 111111111111, 9, 'AP 9', 3, 90, 'APPROVED', '2020-03-02 18:19:24'),
(117, 111111111111, 9, 'AP 9', 4, 90, 'APPROVED', '2020-03-02 18:19:24'),
(118, 111111111111, 9, 'ENG 9', 1, 90, 'APPROVED', '2020-03-02 18:19:24'),
(119, 111111111111, 9, 'ENG 9', 2, 90, 'APPROVED', '2020-03-02 18:19:24'),
(120, 111111111111, 9, 'ENG 9', 3, 90, 'APPROVED', '2020-03-02 18:19:24'),
(121, 111111111111, 9, 'ENG 9', 4, 90, 'APPROVED', '2020-03-02 18:19:24'),
(122, 111111111111, 9, 'ESP 9', 1, 90, 'APPROVED', '2020-03-02 18:19:24'),
(123, 111111111111, 9, 'ESP 9', 2, 90, 'APPROVED', '2020-03-02 18:19:24'),
(124, 111111111111, 9, 'ESP 9', 3, 90, 'APPROVED', '2020-03-02 18:19:24'),
(125, 111111111111, 9, 'ESP 9', 4, 90, 'APPROVED', '2020-03-02 18:19:24'),
(126, 111111111111, 9, 'FIL 9', 1, 90, 'APPROVED', '2020-03-02 18:19:24'),
(127, 111111111111, 9, 'FIL 9', 2, 90, 'APPROVED', '2020-03-02 18:19:24'),
(128, 111111111111, 9, 'FIL 9', 3, 90, 'APPROVED', '2020-03-02 18:19:24'),
(129, 111111111111, 9, 'FIL 9', 4, 90, 'APPROVED', '2020-03-02 18:19:24'),
(130, 111111111111, 9, 'FOLA 9', 1, 90, 'APPROVED', '2020-03-02 18:19:24'),
(131, 111111111111, 9, 'FOLA 9', 2, 90, 'APPROVED', '2020-03-02 18:19:24'),
(132, 111111111111, 9, 'FOLA 9', 3, 90, 'APPROVED', '2020-03-02 18:19:24'),
(133, 111111111111, 9, 'FOLA 9', 4, 90, 'APPROVED', '2020-03-02 18:19:24'),
(134, 111111111111, 9, 'MUSIC 9', 1, 90, 'APPROVED', '2020-03-02 18:19:24'),
(135, 111111111111, 9, 'MUSIC 9', 2, 90, 'APPROVED', '2020-03-02 18:19:24'),
(136, 111111111111, 9, 'MUSIC 9', 3, 90, 'APPROVED', '2020-03-02 18:19:24'),
(137, 111111111111, 9, 'MUSIC 9', 4, 90, 'APPROVED', '2020-03-02 18:19:24'),
(138, 111111111111, 9, 'ARTS 9', 1, 90, 'APPROVED', '2020-03-02 18:19:24'),
(139, 111111111111, 9, 'ARTS 9', 2, 90, 'APPROVED', '2020-03-02 18:19:24'),
(140, 111111111111, 9, 'ARTS 9', 3, 90, 'APPROVED', '2020-03-02 18:19:24'),
(141, 111111111111, 9, 'ARTS 9', 4, 90, 'APPROVED', '2020-03-02 18:19:24'),
(142, 111111111111, 9, 'PE 9', 1, 90, 'APPROVED', '2020-03-02 18:19:24'),
(143, 111111111111, 9, 'PE 9', 2, 90, 'APPROVED', '2020-03-02 18:19:24'),
(144, 111111111111, 9, 'PE 9', 3, 90, 'APPROVED', '2020-03-02 18:19:24'),
(145, 111111111111, 9, 'PE 9', 4, 90, 'APPROVED', '2020-03-02 18:19:24'),
(146, 111111111111, 9, 'HEALTH 9', 1, 90, 'APPROVED', '2020-03-02 18:19:24'),
(147, 111111111111, 9, 'HEALTH 9', 2, 90, 'APPROVED', '2020-03-02 18:19:24'),
(148, 111111111111, 9, 'HEALTH 9', 3, 90, 'APPROVED', '2020-03-02 18:19:24'),
(149, 111111111111, 9, 'HEALTH 9', 4, 90, 'APPROVED', '2020-03-02 18:19:24'),
(150, 111111111111, 9, 'MATH 9A', 1, 90, 'APPROVED', '2020-03-02 18:19:24'),
(151, 111111111111, 9, 'MATH 9A', 2, 90, 'APPROVED', '2020-03-02 18:19:24'),
(152, 111111111111, 9, 'MATH 9A', 3, 90, 'APPROVED', '2020-03-02 18:19:24'),
(153, 111111111111, 9, 'MATH 9A', 4, 90, 'APPROVED', '2020-03-02 18:19:24'),
(154, 111111111111, 9, 'MATH 9B', 1, 90, 'APPROVED', '2020-03-02 18:19:24'),
(155, 111111111111, 9, 'MATH 9B', 2, 90, 'APPROVED', '2020-03-02 18:19:24'),
(156, 111111111111, 9, 'MATH 9B', 3, 90, 'APPROVED', '2020-03-02 18:19:24'),
(157, 111111111111, 9, 'MATH 9B', 4, 90, 'APPROVED', '2020-03-02 18:19:24'),
(158, 111111111111, 9, 'SCI 9A', 1, 90, 'APPROVED', '2020-03-02 18:19:24'),
(159, 111111111111, 9, 'SCI 9A', 2, 90, 'APPROVED', '2020-03-02 18:19:24'),
(160, 111111111111, 9, 'SCI 9A', 3, 90, 'APPROVED', '2020-03-02 18:19:24'),
(161, 111111111111, 9, 'SCI 9A', 4, 90, 'APPROVED', '2020-03-02 18:19:24'),
(162, 111111111111, 9, 'SCI 9B', 1, 90, 'APPROVED', '2020-03-02 18:19:24'),
(163, 111111111111, 9, 'SCI 9B', 2, 90, 'APPROVED', '2020-03-02 18:19:24'),
(164, 111111111111, 9, 'SCI 9B', 3, 90, 'APPROVED', '2020-03-02 18:19:24'),
(165, 111111111111, 9, 'SCI 9B', 4, 90, 'APPROVED', '2020-03-02 18:19:24'),
(166, 111111111111, 9, 'TLE 9', 1, 90, 'APPROVED', '2020-03-02 18:19:24'),
(167, 111111111111, 9, 'TLE 9', 2, 90, 'APPROVED', '2020-03-02 18:19:24'),
(168, 111111111111, 9, 'TLE 9', 3, 90, 'APPROVED', '2020-03-02 18:19:24'),
(169, 111111111111, 9, 'TLE 9', 4, 90, 'APPROVED', '2020-03-02 18:19:24'),
(170, 111111111111, 10, 'AP 10', 1, 95, 'APPROVED', '2020-03-02 18:19:24'),
(171, 111111111111, 10, 'AP 10', 2, 95, 'APPROVED', '2020-03-02 18:19:24'),
(172, 111111111111, 10, 'AP 10', 3, 95, 'APPROVED', '2020-03-02 18:19:24'),
(173, 111111111111, 10, 'AP 10', 4, 95, 'APPROVED', '2020-03-02 18:19:24'),
(174, 111111111111, 10, 'ENG 10', 1, 95, 'APPROVED', '2020-03-02 18:19:24'),
(175, 111111111111, 10, 'ENG 10', 2, 95, 'APPROVED', '2020-03-02 18:19:24'),
(176, 111111111111, 10, 'ENG 10', 3, 95, 'APPROVED', '2020-03-02 18:19:24'),
(177, 111111111111, 10, 'ENG 10', 4, 95, 'APPROVED', '2020-03-02 18:19:24'),
(178, 111111111111, 10, 'ESP 10', 1, 95, 'APPROVED', '2020-03-02 18:19:24'),
(179, 111111111111, 10, 'ESP 10', 2, 95, 'APPROVED', '2020-03-02 18:19:24'),
(180, 111111111111, 10, 'ESP 10', 3, 95, 'APPROVED', '2020-03-02 18:19:24'),
(181, 111111111111, 10, 'ESP 10', 4, 95, 'APPROVED', '2020-03-02 18:19:24'),
(182, 111111111111, 10, 'FIL 10', 1, 95, 'APPROVED', '2020-03-02 18:19:24'),
(183, 111111111111, 10, 'FIL 10', 2, 95, 'APPROVED', '2020-03-02 18:19:24'),
(184, 111111111111, 10, 'FIL 10', 3, 95, 'APPROVED', '2020-03-02 18:19:24'),
(185, 111111111111, 10, 'FIL 10', 4, 95, 'APPROVED', '2020-03-02 18:19:24'),
(186, 111111111111, 10, 'FOLA 10', 1, 95, 'APPROVED', '2020-03-02 18:19:24'),
(187, 111111111111, 10, 'FOLA 10', 2, 95, 'APPROVED', '2020-03-02 18:19:24'),
(188, 111111111111, 10, 'FOLA 10', 3, 95, 'APPROVED', '2020-03-02 18:19:24'),
(189, 111111111111, 10, 'FOLA 10', 4, 95, 'APPROVED', '2020-03-02 18:19:24'),
(190, 111111111111, 10, 'MUSIC 10', 1, 95, 'APPROVED', '2020-03-02 18:19:24'),
(191, 111111111111, 10, 'MUSIC 10', 2, 95, 'APPROVED', '2020-03-02 18:19:24'),
(192, 111111111111, 10, 'MUSIC 10', 3, 95, 'APPROVED', '2020-03-02 18:19:24'),
(193, 111111111111, 10, 'MUSIC 10', 4, 95, 'APPROVED', '2020-03-02 18:19:24'),
(194, 111111111111, 10, 'ARTS 10', 1, 95, 'APPROVED', '2020-03-02 18:19:24'),
(195, 111111111111, 10, 'ARTS 10', 2, 95, 'APPROVED', '2020-03-02 18:19:24'),
(196, 111111111111, 10, 'ARTS 10', 3, 95, 'APPROVED', '2020-03-02 18:19:24'),
(197, 111111111111, 10, 'ARTS 10', 4, 95, 'APPROVED', '2020-03-02 18:19:24'),
(198, 111111111111, 10, 'PE 10', 1, 95, 'APPROVED', '2020-03-02 18:19:24'),
(199, 111111111111, 10, 'PE 10', 2, 95, 'APPROVED', '2020-03-02 18:19:24'),
(200, 111111111111, 10, 'PE 10', 3, 95, 'APPROVED', '2020-03-02 18:19:24'),
(201, 111111111111, 10, 'PE 10', 4, 95, 'APPROVED', '2020-03-02 18:19:24'),
(202, 111111111111, 10, 'HEALTH 10', 1, 95, 'APPROVED', '2020-03-02 18:19:24'),
(203, 111111111111, 10, 'HEALTH 10', 2, 95, 'APPROVED', '2020-03-02 18:19:24'),
(204, 111111111111, 10, 'HEALTH 10', 3, 95, 'APPROVED', '2020-03-02 18:19:24'),
(205, 111111111111, 10, 'HEALTH 10', 4, 95, 'APPROVED', '2020-03-02 18:19:24'),
(206, 111111111111, 10, 'MATH 10A', 1, 95, 'APPROVED', '2020-03-02 18:19:24'),
(207, 111111111111, 10, 'MATH 10A', 2, 95, 'APPROVED', '2020-03-02 18:19:24'),
(208, 111111111111, 10, 'MATH 10A', 3, 95, 'APPROVED', '2020-03-02 18:19:24'),
(209, 111111111111, 10, 'MATH 10A', 4, 95, 'APPROVED', '2020-03-02 18:19:24'),
(210, 111111111111, 10, 'MATH 10B', 1, 95, 'APPROVED', '2020-03-02 18:19:24'),
(211, 111111111111, 10, 'MATH 10B', 2, 95, 'APPROVED', '2020-03-02 18:19:24'),
(212, 111111111111, 10, 'MATH 10B', 3, 95, 'APPROVED', '2020-03-02 18:19:24'),
(213, 111111111111, 10, 'MATH 10B', 4, 95, 'APPROVED', '2020-03-02 18:19:24'),
(214, 111111111111, 10, 'SCI 10A', 1, 95, 'APPROVED', '2020-03-02 18:19:24'),
(215, 111111111111, 10, 'SCI 10A', 2, 95, 'APPROVED', '2020-03-02 18:19:24'),
(216, 111111111111, 10, 'SCI 10A', 3, 95, 'APPROVED', '2020-03-02 18:19:24'),
(217, 111111111111, 10, 'SCI 10A', 4, 95, 'APPROVED', '2020-03-02 18:19:24'),
(218, 111111111111, 10, 'SCI 10B', 1, 95, 'APPROVED', '2020-03-02 18:19:24'),
(219, 111111111111, 10, 'SCI 10B', 2, 95, 'APPROVED', '2020-03-02 18:19:24'),
(220, 111111111111, 10, 'SCI 10B', 3, 95, 'APPROVED', '2020-03-02 18:19:24'),
(221, 111111111111, 10, 'SCI 10B', 4, 95, 'APPROVED', '2020-03-02 18:19:24'),
(222, 111111111111, 10, 'TLE 10', 1, 95, 'APPROVED', '2020-03-02 18:19:24'),
(223, 111111111111, 10, 'TLE 10', 2, 95, 'APPROVED', '2020-03-02 18:19:24'),
(224, 111111111111, 10, 'TLE 10', 3, 95, 'APPROVED', '2020-03-02 18:19:24'),
(225, 111111111111, 10, 'TLE 10', 4, 95, 'APPROVED', '2020-03-02 18:19:24'),
(226, 394328483211, 7, 'AP 7', 4, 80, 'PENDING', '2020-03-02 17:08:29'),
(227, 123456789123, 7, 'AP 7', 4, 80, 'PENDING', '2020-03-02 17:08:29'),
(228, 199494113333, 7, 'AP 7', 4, 80, 'PENDING', '2020-03-02 17:08:29'),
(229, 472429112122, 7, 'AP 7', 4, 80, 'PENDING', '2020-03-02 17:08:29'),
(230, 567890321425, 7, 'AP 7', 4, 80, 'PENDING', '2020-03-02 17:08:29'),
(231, 155366694777, 7, 'AP 7', 4, 80, 'PENDING', '2020-03-02 17:08:29'),
(232, 567890321425, 7, 'FIL 7', 4, 80, 'PENDING', '2020-03-02 17:08:29'),
(233, 155366694777, 7, 'FIL 7', 4, 80, 'PENDING', '2020-03-02 17:08:29'),
(234, 123456789123, 7, 'FIL 7', 4, 80, 'PENDING', '2020-03-02 17:08:29'),
(235, 472429112122, 7, 'FIL 7', 4, 80, 'PENDING', '2020-03-02 17:08:29'),
(236, 199494113333, 7, 'FIL 7', 4, 80, 'PENDING', '2020-03-02 17:08:29'),
(237, 394328483211, 7, 'FIL 7', 4, 80, 'PENDING', '2020-03-02 17:08:29');

-- --------------------------------------------------------

--
-- Table structure for table `grade_values`
--

CREATE TABLE `grade_values` (
  `GradeValID` int(11) NOT NULL,
  `LRNNum` bigint(12) NOT NULL,
  `GradeValLevel` int(11) NOT NULL,
  `BehaviorID` varchar(50) NOT NULL,
  `Quarter` int(11) NOT NULL,
  `GradeValRating` varchar(50) DEFAULT NULL,
  `DateCreated` timestamp NOT NULL DEFAULT CURRENT_TIMESTAMP ON UPDATE CURRENT_TIMESTAMP
) ENGINE=InnoDB DEFAULT CHARSET=latin1;

--
-- Dumping data for table `grade_values`
--

INSERT INTO `grade_values` (`GradeValID`, `LRNNum`, `GradeValLevel`, `BehaviorID`, `Quarter`, `GradeValRating`, `DateCreated`) VALUES
(1, 111111111111, 8, '1a', 4, 'AO', '2020-03-04 04:23:58'),
(2, 111111111111, 8, '2a', 4, 'AO', '2020-03-04 04:23:58'),
(3, 111111111111, 8, '3a', 4, 'AO', '2020-03-04 04:23:58'),
(4, 111111111111, 8, '1b', 4, 'AO', '2020-03-04 04:23:58'),
(5, 111111111111, 8, '2b', 4, 'AO', '2020-03-04 04:23:58'),
(6, 111111111111, 8, '3b', 4, 'AO', '2020-03-04 04:23:58'),
(7, 111111111111, 8, '4a', 4, 'AO', '2020-03-04 04:23:58');

--
-- Triggers `grade_values`
--
DELIMITER $$
CREATE TRIGGER `AFTER INSERT grade_values` AFTER INSERT ON `grade_values` FOR EACH ROW INSERT INTO grade_values_backup
SELECT *, "CREATED"
FROM grade_values
WHERE GradeValID = new.GradeValID
$$
DELIMITER ;
DELIMITER $$
CREATE TRIGGER `AFTER UPDATE grade_values` AFTER UPDATE ON `grade_values` FOR EACH ROW INSERT INTO grade_values_backup
SELECT *, "UPDATED"
FROM grade_values
WHERE GradeValID = new.GradeValID
$$
DELIMITER ;

-- --------------------------------------------------------

--
-- Table structure for table `grade_values_backup`
--

CREATE TABLE `grade_values_backup` (
  `GradeValID` int(11) NOT NULL,
  `LRNNum` bigint(12) NOT NULL,
  `GradeValLevel` int(11) NOT NULL,
  `BehaviorID` varchar(50) NOT NULL,
  `Quarter` int(11) NOT NULL,
  `GradeValRating` varchar(50) DEFAULT NULL,
  `DateCreated` timestamp NOT NULL DEFAULT CURRENT_TIMESTAMP,
  `Action` varchar(15) NOT NULL
) ENGINE=InnoDB DEFAULT CHARSET=latin1;

--
-- Dumping data for table `grade_values_backup`
--

INSERT INTO `grade_values_backup` (`GradeValID`, `LRNNum`, `GradeValLevel`, `BehaviorID`, `Quarter`, `GradeValRating`, `DateCreated`, `Action`) VALUES
(1, 111111111111, 8, '1a', 4, 'AO', '2020-03-04 04:23:58', 'CREATED'),
(3, 111111111111, 8, '3a', 4, 'AO', '2020-03-04 04:23:58', 'CREATED'),
(7, 111111111111, 8, '4a', 4, 'AO', '2020-03-04 04:23:58', 'CREATED'),
(6, 111111111111, 8, '3b', 4, 'AO', '2020-03-04 04:23:58', 'CREATED'),
(2, 111111111111, 8, '2a', 4, 'AO', '2020-03-04 04:23:58', 'CREATED'),
(4, 111111111111, 8, '1b', 4, 'AO', '2020-03-04 04:23:58', 'CREATED'),
(5, 111111111111, 8, '2b', 4, 'AO', '2020-03-04 04:23:58', 'CREATED');

-- --------------------------------------------------------

--
-- Table structure for table `main_room`
--

CREATE TABLE `main_room` (
  `RoomNum` int(11) NOT NULL,
  `RoomName` varchar(50) DEFAULT NULL,
  `Building` varchar(50) DEFAULT NULL,
  `Floor` int(2) DEFAULT NULL,
  `Type` varchar(10) NOT NULL,
  `DateCreated` datetime NOT NULL
) ENGINE=InnoDB DEFAULT CHARSET=latin1;

--
-- Dumping data for table `main_room`
--

INSERT INTO `main_room` (`RoomNum`, `RoomName`, `Building`, `Floor`, `Type`, `DateCreated`) VALUES
(101, '101', 'ITC', 1, 'Classroom', '2020-03-03 02:33:34'),
(102, '102', 'ITC', 1, 'Classroom', '2020-03-05 02:57:57'),
(103, '101', 'ITC', 1, 'Classroom', '2020-03-05 03:22:07'),
(201, '201', 'ITC', 2, 'Classroom', '2020-03-05 03:18:40');

-- --------------------------------------------------------

--
-- Table structure for table `main_sched`
--

CREATE TABLE `main_sched` (
  `SchedID` varchar(50) NOT NULL,
  `SubjectID` varchar(50) NOT NULL,
  `SubjectDay` varchar(10) NOT NULL,
  `SubjectTime` varchar(20) NOT NULL,
  `DateCreated` datetime NOT NULL
) ENGINE=InnoDB DEFAULT CHARSET=latin1;

--
-- Dumping data for table `main_sched`
--

INSERT INTO `main_sched` (`SchedID`, `SubjectID`, `SubjectDay`, `SubjectTime`, `DateCreated`) VALUES
('1', 'AP8-1', 'Monday', '6:00-7:00', '2020-03-08 02:58:42'),
('2', 'ENG8-1', 'Tuesday', '6:00-7:00', '2020-03-08 02:58:42'),
('3', 'ENG8-1', 'Wednesday', '6:00-7:00', '2020-03-08 02:58:42'),
('4', 'AP8-1', 'Thursday', '6:00-7:00', '2020-03-08 02:58:42'),
('5', 'ENG8-1', 'Friday', '6:00-7:00', '2020-03-08 02:58:42'),
('6', 'AP8-1', 'Monday', '7:00-8:00', '2020-03-08 02:58:42'),
('7', 'ENG8-1', 'Tuesday', '7:00-8:00', '2020-03-08 02:58:42');

-- --------------------------------------------------------

--
-- Table structure for table `main_section`
--

CREATE TABLE `main_section` (
  `SectionNum` int(11) NOT NULL,
  `SectionName` varchar(100) NOT NULL,
  `RoomNum` int(11) NOT NULL,
  `GradeLevel` int(2) NOT NULL,
  `Adviser` int(11) DEFAULT NULL,
  `DateCreated` datetime NOT NULL
) ENGINE=InnoDB DEFAULT CHARSET=latin1;

--
-- Dumping data for table `main_section`
--

INSERT INTO `main_section` (`SectionNum`, `SectionName`, `RoomNum`, `GradeLevel`, `Adviser`, `DateCreated`) VALUES
(1, 'Kamias', 101, 8, 16, '2020-03-03 18:06:19'),
(2, 'Sumakwel', 102, 7, 16, '2020-03-05 03:13:12'),
(3, 'Mayana', 201, 8, 15, '2020-03-05 03:19:25'),
(4, 'Our Lady of Good Success', 103, 7, 17, '2020-03-07 18:27:27');

-- --------------------------------------------------------

--
-- Table structure for table `main_section_backup`
--

CREATE TABLE `main_section_backup` (
  `SectionNum` int(11) NOT NULL,
  `SectionName` varchar(100) NOT NULL,
  `RoomNum` int(11) NOT NULL,
  `GradeLevel` int(2) NOT NULL,
  `SchoolYear` varchar(11) NOT NULL,
  `Adviser` int(11) DEFAULT NULL,
  `DateCreated` datetime NOT NULL
) ENGINE=InnoDB DEFAULT CHARSET=latin1;

--
-- Dumping data for table `main_section_backup`
--

INSERT INTO `main_section_backup` (`SectionNum`, `SectionName`, `RoomNum`, `GradeLevel`, `SchoolYear`, `Adviser`, `DateCreated`) VALUES
(1, 'Kamias', 101, 8, '2020-2021', 16, '2020-03-03 18:06:19'),
(2, 'Sumakwel', 102, 7, '2020-2021', 16, '2020-03-05 03:13:12'),
(3, 'Mayana', 201, 8, '2020-2021', 15, '2020-03-05 03:19:25'),
(4, 'Our Lady of Good Success', 103, 7, '2020-2021', 17, '2020-03-07 18:27:27');

-- --------------------------------------------------------

--
-- Table structure for table `main_student`
--

CREATE TABLE `main_student` (
  `LRNNum` bigint(12) NOT NULL,
  `GradeLevel` int(2) NOT NULL,
  `Type` varchar(10) NOT NULL,
  `LastName` varchar(50) NOT NULL,
  `ExtendedName` varchar(20) DEFAULT NULL,
  `FirstName` varchar(50) NOT NULL,
  `MiddleName` varchar(50) DEFAULT NULL,
  `Gender` varchar(6) NOT NULL,
  `Birthday` date NOT NULL,
  `BirthPlace` varchar(255) NOT NULL,
  `Email` varchar(70) DEFAULT NULL,
  `CellphoneNum` varchar(13) DEFAULT NULL,
  `LandlineNum` varchar(20) DEFAULT NULL,
  `URL_Picture` varchar(255) NOT NULL,
  `Present_StreetAdd` varchar(100) DEFAULT NULL,
  `Present_City` varchar(40) NOT NULL,
  `Present_Province` varchar(40) NOT NULL,
  `Present_Country` varchar(40) NOT NULL,
  `Permanent_StreetAdd` varchar(100) DEFAULT NULL,
  `Permanent_City` varchar(40) NOT NULL,
  `Permanent_Province` varchar(40) NOT NULL,
  `Permanent_Country` varchar(40) NOT NULL,
  `Present_SchoolName` varchar(100) NOT NULL,
  `Present_SchoolAddress` varchar(255) DEFAULT NULL,
  `Present_SchoolContact` varchar(20) DEFAULT NULL,
  `MotherName` varchar(150) DEFAULT NULL,
  `MotherContact` varchar(20) DEFAULT NULL,
  `MotherEducation` varchar(50) DEFAULT NULL,
  `MotherOccupation` varchar(100) DEFAULT NULL,
  `FatherName` varchar(150) DEFAULT NULL,
  `FatherContact` varchar(20) DEFAULT NULL,
  `FatherEducation` varchar(50) DEFAULT NULL,
  `FatherOccupation` varchar(100) DEFAULT NULL,
  `GuardianName` varchar(150) DEFAULT NULL,
  `GuardianContact` varchar(20) DEFAULT NULL,
  `GuardianRelationship` varchar(50) DEFAULT NULL,
  `GuardianOccupation` varchar(100) DEFAULT NULL,
  `FirstReq` tinyint(1) NOT NULL,
  `SecondReq` tinyint(1) NOT NULL,
  `ThirdReq` tinyint(1) NOT NULL,
  `FourthReq` tinyint(1) NOT NULL,
  `FifthReq1` tinyint(1) NOT NULL,
  `FifthReq2` tinyint(1) NOT NULL,
  `FifthReq3` tinyint(1) NOT NULL,
  `DateCreated` datetime NOT NULL
) ENGINE=InnoDB DEFAULT CHARSET=latin1;

--
-- Dumping data for table `main_student`
--

INSERT INTO `main_student` (`LRNNum`, `GradeLevel`, `Type`, `LastName`, `ExtendedName`, `FirstName`, `MiddleName`, `Gender`, `Birthday`, `BirthPlace`, `Email`, `CellphoneNum`, `LandlineNum`, `URL_Picture`, `Present_StreetAdd`, `Present_City`, `Present_Province`, `Present_Country`, `Permanent_StreetAdd`, `Permanent_City`, `Permanent_Province`, `Permanent_Country`, `Present_SchoolName`, `Present_SchoolAddress`, `Present_SchoolContact`, `MotherName`, `MotherContact`, `MotherEducation`, `MotherOccupation`, `FatherName`, `FatherContact`, `FatherEducation`, `FatherOccupation`, `GuardianName`, `GuardianContact`, `GuardianRelationship`, `GuardianOccupation`, `FirstReq`, `SecondReq`, `ThirdReq`, `FourthReq`, `FifthReq1`, `FifthReq2`, `FifthReq3`, `DateCreated`) VALUES
(123412341234, 7, 'New', 'Daguio ', NULL, 'Anndrew', 'Gorostiza', 'Female', '2009-03-12', 'Mandaluyong City', 'Andrea@brilliant', '09197518220', '87001', '430082_541686969183789_1029801639_n.jpg', NULL, 'Mandaluyong', 'Metro Manila', 'Portugal', NULL, 'Mandaluyong', 'Metro Manila', 'Portugal', 'Greenhills Elementary School', NULL, NULL, NULL, NULL, NULL, NULL, NULL, NULL, NULL, NULL, 'Direk Bobby Gutierez', NULL, 'uncle', 'Director', 1, 1, 1, 1, 0, 0, 1, '2020-03-03 02:05:51'),
(412746182828, 7, 'New', 'Gabo', NULL, 'Jo', NULL, 'Male', '2020-03-02', 'Pasig', NULL, NULL, NULL, '76371_541686522517167_1955437084_n.jpg', NULL, 'PAsig', 'MEtro Manila', 'Philippines', NULL, 'PAsig', 'MEtro Manila', 'Philippines', 'LICS', NULL, NULL, NULL, NULL, NULL, NULL, NULL, NULL, NULL, NULL, NULL, NULL, NULL, NULL, 1, 0, 1, 1, 0, 0, 0, '2020-03-05 18:51:33');

-- --------------------------------------------------------

--
-- Table structure for table `main_subject`
--

CREATE TABLE `main_subject` (
  `SubjectID` varchar(50) NOT NULL,
  `TeacherNum` int(11) NOT NULL,
  `SectionNum` int(11) NOT NULL,
  `SubjectCode` varchar(50) NOT NULL,
  `DateCreated` datetime NOT NULL
) ENGINE=InnoDB DEFAULT CHARSET=latin1;

--
-- Dumping data for table `main_subject`
--

INSERT INTO `main_subject` (`SubjectID`, `TeacherNum`, `SectionNum`, `SubjectCode`, `DateCreated`) VALUES
('AP8-1', 2, 1, 'AP 8', '2020-03-08 02:58:42'),
('ENG8-1', 15, 1, 'ENG 8', '2020-03-08 02:58:42');

-- --------------------------------------------------------

--
-- Table structure for table `main_subjectcode`
--

CREATE TABLE `main_subjectcode` (
  `SubjectCode` varchar(255) NOT NULL,
  `SubjectDescription` text,
  `GradeLevel` int(2) NOT NULL,
  `Frequency` int(1) NOT NULL,
  `DateCreated` datetime NOT NULL
) ENGINE=InnoDB DEFAULT CHARSET=latin1;

--
-- Dumping data for table `main_subjectcode`
--

INSERT INTO `main_subjectcode` (`SubjectCode`, `SubjectDescription`, `GradeLevel`, `Frequency`, `DateCreated`) VALUES
('AP 10', 'Araling Panlipunan 10', 10, 3, '2020-02-26 15:18:30'),
('AP 7', NULL, 7, 3, '2020-03-03 02:49:01'),
('AP 8', NULL, 8, 3, '2019-10-11 19:20:37'),
('AP 9', NULL, 9, 3, '2019-10-11 19:20:37'),
('CALC1', 'CALCULUS1', 10, 4, '2020-01-16 10:02:27'),
('ENG 10', NULL, 10, 4, '2019-10-11 19:20:37'),
('ENG 7 ', NULL, 7, 4, '2019-10-11 19:20:37'),
('ENG 8', NULL, 8, 4, '2019-10-11 19:20:37'),
('ENG 9', NULL, 9, 4, '2019-10-11 19:20:37'),
('ESP 10', NULL, 10, 3, '2019-10-11 19:20:37'),
('ESP 7', NULL, 7, 2, '2019-10-11 19:20:37'),
('ESP 8', NULL, 8, 3, '2019-10-11 19:20:37'),
('ESP 9', NULL, 9, 3, '2019-10-11 19:20:37'),
('FIL 10', NULL, 10, 4, '2019-10-11 19:20:37'),
('FIL 7', NULL, 7, 4, '2019-10-11 19:20:37'),
('FIL 8', NULL, 8, 4, '2019-10-11 19:20:37'),
('FIL 9', NULL, 9, 4, '2019-10-11 19:20:37'),
('FOLA 10', NULL, 10, 4, '2019-10-11 19:20:37'),
('FOLA 9', NULL, 9, 4, '2019-10-11 19:20:37'),
('HOMEROOM 10', NULL, 10, 1, '2019-10-11 19:20:37'),
('MAPEH 10', NULL, 10, 3, '2019-10-11 19:20:37'),
('MAPEH 7', NULL, 7, 4, '2019-10-11 19:20:37'),
('MAPEH 8', NULL, 8, 4, '2019-10-11 19:20:37'),
('MAPEH 9', NULL, 9, 4, '2019-10-11 19:20:37'),
('MATH 10A', NULL, 10, 4, '2019-10-11 19:20:37'),
('MATH 10B', NULL, 10, 4, '2019-10-11 19:20:37'),
('MATH 7A', NULL, 7, 4, '2019-10-11 19:20:37'),
('MATH 7B', NULL, 7, 4, '2019-10-11 19:20:37'),
('MATH 8A', NULL, 8, 4, '2019-10-11 19:20:37'),
('MATH 8B', NULL, 8, 4, '2019-10-11 19:20:37'),
('MATH 9A', NULL, 9, 4, '2019-10-11 19:20:37'),
('MATH 9B', NULL, 9, 4, '2019-10-11 19:20:37'),
('RESEARCH 7', NULL, 7, 4, '2019-10-11 19:20:37'),
('RESEARCH 8', NULL, 8, 4, '2019-10-11 19:20:37'),
('SCI 10A', NULL, 10, 4, '2019-10-11 19:20:37'),
('SCI 10B', NULL, 10, 4, '2019-10-11 19:20:37'),
('SCI 7A', NULL, 7, 4, '2019-10-11 19:20:37'),
('SCI 7B', NULL, 7, 4, '2019-10-11 19:20:37'),
('SCI 8A', NULL, 8, 4, '2019-10-11 19:20:37'),
('SCI 8B', NULL, 8, 4, '2019-10-11 19:20:37'),
('SCI 9A', NULL, 9, 4, '2019-10-11 19:20:37'),
('SCI 9B', NULL, 9, 4, '2019-10-11 19:20:37'),
('TLE 10', NULL, 10, 4, '2019-10-11 19:20:37'),
('TLE 7', NULL, 7, 4, '2019-10-11 19:20:37'),
('TLE 8', NULL, 8, 4, '2019-10-11 19:20:37'),
('TLE 9', NULL, 9, 4, '2019-10-11 19:20:37');

-- --------------------------------------------------------

--
-- Table structure for table `main_teacher`
--

CREATE TABLE `main_teacher` (
  `TeacherNum` int(11) NOT NULL,
  `Shift` varchar(2) NOT NULL,
  `Major` varchar(10) NOT NULL,
  `LastName` varchar(50) NOT NULL,
  `ExtendedName` varchar(20) DEFAULT NULL,
  `FirstName` varchar(50) NOT NULL,
  `MiddleName` varchar(50) DEFAULT NULL,
  `Gender` varchar(6) NOT NULL,
  `Birthday` date NOT NULL,
  `BirthPlace` varchar(255) NOT NULL,
  `Email` varchar(70) DEFAULT NULL,
  `CellphoneNum` varchar(13) DEFAULT NULL,
  `LandlineNum` varchar(20) DEFAULT NULL,
  `URL_Picture` varchar(255) NOT NULL,
  `Present_StreetAdd` varchar(100) DEFAULT NULL,
  `Present_City` varchar(40) NOT NULL,
  `Present_Province` varchar(40) NOT NULL,
  `Present_Country` varchar(40) NOT NULL,
  `Permanent_StreetAdd` varchar(100) DEFAULT NULL,
  `Permanent_City` varchar(40) NOT NULL,
  `Permanent_Province` varchar(40) NOT NULL,
  `Permanent_Country` varchar(40) NOT NULL,
  `DateCreated` datetime NOT NULL
) ENGINE=InnoDB DEFAULT CHARSET=latin1;

--
-- Dumping data for table `main_teacher`
--

INSERT INTO `main_teacher` (`TeacherNum`, `Shift`, `Major`, `LastName`, `ExtendedName`, `FirstName`, `MiddleName`, `Gender`, `Birthday`, `BirthPlace`, `Email`, `CellphoneNum`, `LandlineNum`, `URL_Picture`, `Present_StreetAdd`, `Present_City`, `Present_Province`, `Present_Country`, `Permanent_StreetAdd`, `Permanent_City`, `Permanent_Province`, `Permanent_Country`, `DateCreated`) VALUES
(2, 'AM', 'AP', 'Apurada', NULL, 'Hernan', NULL, 'Male', '1990-11-21', 'San Juan City', NULL, NULL, NULL, 'avatar5.png', NULL, 'San Juan City', 'Metro Manila', 'Phillipines', NULL, 'San Juan City', 'Metro Manila', 'Phillipines', '2020-03-02 22:34:28'),
(15, 'AM', 'AP', 'Gabon', NULL, 'Jose Mari', 'Manuel', 'Male', '1997-03-28', 'Pasig City', 'gabonjosemari@gmail.com', NULL, '9002594', '46280_541687292517090_621937474_n.jpg', NULL, 'Pasig City', 'Metro Manila', 'Phillipines', NULL, 'Pasig City', 'Metro Manila', 'Phillipines', '2020-03-03 00:43:45'),
(16, 'PM', 'FIL', 'Cadayona', NULL, 'Gracielle Mae', 'Manuel', 'Female', '1987-06-24', 'Malabon City', NULL, NULL, NULL, '76371_541686522517167_1955437084_n.jpg', NULL, 'Pasig City', 'Metro Manila', 'Phillipines', NULL, 'Pasig City', 'Metro Manila', 'Phillipines', '2020-03-03 06:52:07'),
(17, 'AM', 'MAPEH', 'Chacha', NULL, 'DJ', NULL, 'Female', '1990-03-01', 'Manila City', NULL, NULL, NULL, '46280_541687292517090_621937474_n.jpg', NULL, 'Manila City', 'Metro Manila', 'Phillipines', NULL, 'Manila City', 'Metro Manila', 'Phillipines', '2020-03-03 16:22:27');

--
-- Triggers `main_teacher`
--
DELIMITER $$
CREATE TRIGGER `Create_TeacherAccount` AFTER INSERT ON `main_teacher` FOR EACH ROW INSERT INTO access(TeacherNum, Username, Pass, AccessType, Access) VALUES(new.TeacherNum, CONCAT(new.TeacherNum, "-", new.LastName), ENCODE("1234", "secret"), "", 1)
$$
DELIMITER ;

-- --------------------------------------------------------

--
-- Stand-in structure for view `masterlist_section`
-- (See below for the actual view)
--
CREATE TABLE `masterlist_section` (
`SectionNum` int(11)
,`SectionName` varchar(100)
,`RoomNum` int(11)
,`GradeLevel` int(2)
,`Adviser` int(11)
,`AdviserName` varchar(126)
,`DateCreated` datetime
);

-- --------------------------------------------------------

--
-- Stand-in structure for view `masterlist_section_request`
-- (See below for the actual view)
--
CREATE TABLE `masterlist_section_request` (
`SectionNum` int(11)
,`SectionName` varchar(100)
,`RoomNum` int(11)
,`GradeLevel` int(2)
,`Adviser` int(11)
,`AdviserName` varchar(126)
,`CreatedBy` int(11)
,`RequestedBy` varchar(126)
,`Status_` varchar(20)
);

-- --------------------------------------------------------

--
-- Stand-in structure for view `masterlist_teacher`
-- (See below for the actual view)
--
CREATE TABLE `masterlist_teacher` (
`TeacherNum` int(11)
,`LastName` varchar(50)
,`ExtendedName` varchar(20)
,`FirstName` varchar(50)
,`MiddleName` varchar(50)
,`Shift` varchar(2)
,`Major` varchar(10)
,`Access` tinyint(1)
,`AccessType` varchar(255)
);

-- --------------------------------------------------------

--
-- Table structure for table `requests`
--

CREATE TABLE `requests` (
  `ControlNum` int(11) NOT NULL,
  `Status` varchar(20) NOT NULL,
  `ApprovedBy` int(11) NOT NULL,
  `ApprovalDate` timestamp NOT NULL DEFAULT CURRENT_TIMESTAMP,
  `Remarks` text NOT NULL
) ENGINE=InnoDB DEFAULT CHARSET=latin1;

-- --------------------------------------------------------

--
-- Table structure for table `requests_schedule`
--

CREATE TABLE `requests_schedule` (
  `ControlNum` varchar(30) NOT NULL,
  `SectionNum` int(11) NOT NULL,
  `CreatedBy` int(11) NOT NULL,
  `DateCreated` timestamp NOT NULL DEFAULT CURRENT_TIMESTAMP,
  `Action_` varchar(10) NOT NULL,
  `Status_` varchar(20) NOT NULL,
  `ApprovedBy` int(11) DEFAULT NULL,
  `ApprovalDate` datetime DEFAULT NULL,
  `Remarks` text
) ENGINE=InnoDB DEFAULT CHARSET=latin1;

--
-- Dumping data for table `requests_schedule`
--

INSERT INTO `requests_schedule` (`ControlNum`, `SectionNum`, `CreatedBy`, `DateCreated`, `Action_`, `Status_`, `ApprovedBy`, `ApprovalDate`, `Remarks`) VALUES
('5e63c50bc1da7', 1, 2, '2020-03-07 16:00:11', 'CREATE', 'APPROVED', 1, '2020-03-08 02:58:42', NULL),
('5e63c5b9cb563', 1, 2, '2020-03-07 16:03:05', 'CREATE', 'REJECTED', 1, '2020-03-08 03:08:28', NULL);

-- --------------------------------------------------------

--
-- Table structure for table `setting`
--

CREATE TABLE `setting` (
  `SettingName` varchar(50) COLLATE utf8mb4_unicode_ci NOT NULL DEFAULT '',
  `SettingValue` longtext COLLATE utf8mb4_unicode_ci NOT NULL
) ENGINE=InnoDB DEFAULT CHARSET=utf8mb4 COLLATE=utf8mb4_unicode_ci;

--
-- Dumping data for table `setting`
--

INSERT INTO `setting` (`SettingName`, `SettingValue`) VALUES
('quarter_enabled', '1');

-- --------------------------------------------------------

--
-- Table structure for table `student_access`
--

CREATE TABLE `student_access` (
  `LRNNum` int(12) NOT NULL,
  `Pass` varchar(255) NOT NULL,
  `Access` tinyint(1) NOT NULL
) ENGINE=InnoDB DEFAULT CHARSET=latin1;

-- --------------------------------------------------------

--
-- Table structure for table `subjectcode`
--

CREATE TABLE `subjectcode` (
  `SubjectCode` varchar(255) NOT NULL,
  `SubjectDescription` text,
  `GradeLevel` int(2) NOT NULL,
  `Frequency` int(1) NOT NULL,
  `DateCreated` timestamp NOT NULL DEFAULT CURRENT_TIMESTAMP ON UPDATE CURRENT_TIMESTAMP,
  `User` varchar(50) NOT NULL
) ENGINE=InnoDB DEFAULT CHARSET=latin1;

--
-- Dumping data for table `subjectcode`
--

INSERT INTO `subjectcode` (`SubjectCode`, `SubjectDescription`, `GradeLevel`, `Frequency`, `DateCreated`, `User`) VALUES
('AP 10', 'Araling Panlipunan 10', 10, 3, '2020-02-26 07:18:30', 'admin'),
('AP 7', NULL, 7, 3, '2019-10-11 11:20:37', ''),
('AP 8', NULL, 8, 3, '2019-10-11 11:20:37', ''),
('AP 9', NULL, 9, 3, '2019-10-11 11:20:37', ''),
('CALC1', 'CALCULUS1', 10, 4, '2020-01-16 02:02:27', 'admin'),
('ENG 10', NULL, 10, 4, '2019-10-11 11:20:37', ''),
('ENG 7 ', NULL, 7, 4, '2019-10-11 11:20:37', ''),
('ENG 8', NULL, 8, 4, '2019-10-11 11:20:37', ''),
('ENG 9', NULL, 9, 4, '2019-10-11 11:20:37', ''),
('ESP 10', NULL, 10, 3, '2019-10-11 11:20:37', ''),
('ESP 7', NULL, 7, 2, '2019-10-11 11:20:37', ''),
('ESP 8', NULL, 8, 3, '2019-10-11 11:20:37', ''),
('ESP 9', NULL, 9, 3, '2019-10-11 11:20:37', ''),
('FIL 10', NULL, 10, 4, '2019-10-11 11:20:37', ''),
('FIL 7', NULL, 7, 4, '2019-10-11 11:20:37', ''),
('FIL 8', NULL, 8, 4, '2019-10-11 11:20:37', ''),
('FIL 9', NULL, 9, 4, '2019-10-11 11:20:37', ''),
('FOLA 10', NULL, 10, 4, '2019-10-11 11:20:37', ''),
('FOLA 9', NULL, 9, 4, '2019-10-11 11:20:37', ''),
('HOMEROOM 10', NULL, 10, 1, '2019-10-11 11:20:37', ''),
('MAPEH 10', NULL, 10, 3, '2019-10-11 11:20:37', ''),
('MAPEH 7', NULL, 7, 4, '2019-10-11 11:20:37', ''),
('MAPEH 8', NULL, 8, 4, '2019-10-11 11:20:37', ''),
('MAPEH 9', NULL, 9, 4, '2019-10-11 11:20:37', ''),
('MATH 10A', NULL, 10, 4, '2019-10-11 11:20:37', ''),
('MATH 10B', NULL, 10, 4, '2019-10-11 11:20:37', ''),
('MATH 7A', NULL, 7, 4, '2019-10-11 11:20:37', ''),
('MATH 7B', NULL, 7, 4, '2019-10-11 11:20:37', ''),
('MATH 8A', NULL, 8, 4, '2019-10-11 11:20:37', ''),
('MATH 8B', NULL, 8, 4, '2019-10-11 11:20:37', ''),
('MATH 9A', NULL, 9, 4, '2019-10-11 11:20:37', ''),
('MATH 9B', NULL, 9, 4, '2019-10-11 11:20:37', ''),
('RESEARCH 7', NULL, 7, 4, '2019-10-11 11:20:37', ''),
('RESEARCH 8', NULL, 8, 4, '2019-10-11 11:20:37', ''),
('SCI 10A', NULL, 10, 4, '2019-10-11 11:20:37', ''),
('SCI 10B', NULL, 10, 4, '2019-10-11 11:20:37', ''),
('SCI 7A', NULL, 7, 4, '2019-10-11 11:20:37', ''),
('SCI 7B', NULL, 7, 4, '2019-10-11 11:20:37', ''),
('SCI 8A', NULL, 8, 4, '2019-10-11 11:20:37', ''),
('SCI 8B', NULL, 8, 4, '2019-10-11 11:20:37', ''),
('SCI 9A', NULL, 9, 4, '2019-10-11 11:20:37', ''),
('SCI 9B', NULL, 9, 4, '2019-10-11 11:20:37', ''),
('TLE 10', NULL, 10, 4, '2019-10-11 11:20:37', ''),
('TLE 7', NULL, 7, 4, '2019-10-11 11:20:37', ''),
('TLE 8', NULL, 8, 4, '2019-10-11 11:20:37', ''),
('TLE 9', NULL, 9, 4, '2019-10-11 11:20:37', '');

--
-- Triggers `subjectcode`
--
DELIMITER $$
CREATE TRIGGER `after insert subjectcode` AFTER INSERT ON `subjectcode` FOR EACH ROW INSERT INTO subjectcode_backup 
SELECT *, "CREATED" FROM subjectcode
WHERE SubjectCode = new.SubjectCode
$$
DELIMITER ;
DELIMITER $$
CREATE TRIGGER `backup subjectcode UPDATE trigger` AFTER UPDATE ON `subjectcode` FOR EACH ROW INSERT INTO subjectcode_backup 
SELECT *, "UPDATED" FROM subjectcode
WHERE SubjectCode = new.SubjectCode
$$
DELIMITER ;

-- --------------------------------------------------------

--
-- Stand-in structure for view `summary_availableadviser`
-- (See below for the actual view)
--
CREATE TABLE `summary_availableadviser` (
`TeacherNum` int(11)
,`LastName` varchar(50)
,`ExtendedName` varchar(20)
,`FirstName` varchar(50)
,`MiddleName` varchar(50)
);

-- --------------------------------------------------------

--
-- Stand-in structure for view `summary_availableclassroom`
-- (See below for the actual view)
--
CREATE TABLE `summary_availableclassroom` (
`RoomNum` int(11)
,`RoomName` varchar(50)
,`Building` varchar(50)
,`Floor` int(2)
);

-- --------------------------------------------------------

--
-- Stand-in structure for view `summary_availableteacher`
-- (See below for the actual view)
--
CREATE TABLE `summary_availableteacher` (
`TeacherNum` int(11)
,`LastName` varchar(50)
,`ExtendedName` varchar(20)
,`FirstName` varchar(50)
,`MiddleName` varchar(50)
);

-- --------------------------------------------------------

--
-- Stand-in structure for view `summary_roomcreation`
-- (See below for the actual view)
--
CREATE TABLE `summary_roomcreation` (
`ControlNum` int(11)
,`RoomNum` int(11)
,`RoomName` varchar(50)
,`Building` varchar(50)
,`Floor` int(2)
,`Type` varchar(10)
,`DateCreated` timestamp
,`CreatedBy` int(11)
,`RequestedBy` varchar(126)
,`Action_` varchar(10)
,`Status_` varchar(20)
);

-- --------------------------------------------------------

--
-- Stand-in structure for view `summary_schedule`
-- (See below for the actual view)
--
CREATE TABLE `summary_schedule` (
`ControlNum` varchar(30)
,`SectionNum` int(11)
,`SectionName` varchar(100)
,`GradeLevel` int(2)
,`Adviser` varchar(126)
,`SubjectID` varchar(50)
,`SubjectCode` varchar(50)
,`SchedID` int(11)
,`SubjectDay` varchar(10)
,`SubjectTime` varchar(20)
,`CreatedBy` int(11)
,`Creator` varchar(126)
,`TeacherNum` int(11)
,`TeacherName` varchar(126)
);

-- --------------------------------------------------------

--
-- Stand-in structure for view `summary_schedulerequests`
-- (See below for the actual view)
--
CREATE TABLE `summary_schedulerequests` (
`ControlNum` varchar(30)
,`SectionNum` int(11)
,`SectionName` varchar(100)
,`GradeLevel` int(2)
,`CreatedBy` int(11)
,`RequestedBy` varchar(126)
,`DateCreated` timestamp
,`Action_` varchar(10)
,`Status_` varchar(20)
);

-- --------------------------------------------------------

--
-- Stand-in structure for view `summary_schedulerequests_backup`
-- (See below for the actual view)
--
CREATE TABLE `summary_schedulerequests_backup` (
`ControlNum` varchar(30)
,`SectionNum` int(11)
,`SectionName` varchar(100)
,`GradeLevel` int(2)
,`CreatedBy` int(11)
,`RequestedBy` varchar(126)
,`DateCreated` timestamp
,`Action_` varchar(10)
,`Status_` varchar(20)
);

-- --------------------------------------------------------

--
-- Stand-in structure for view `summary_sectioncreation`
-- (See below for the actual view)
--
CREATE TABLE `summary_sectioncreation` (
`ControlNum` int(11)
,`SectionNum` int(11)
,`SectionName` varchar(100)
,`RoomNum` int(11)
,`GradeLevel` int(2)
,`Adviser` int(11)
,`AdviserName` varchar(126)
,`DateCreated` timestamp
,`CreatedBy` int(11)
,`RequestedBy` varchar(126)
,`Action_` varchar(10)
,`Status_` varchar(20)
);

-- --------------------------------------------------------

--
-- Stand-in structure for view `summary_studentregistration`
-- (See below for the actual view)
--
CREATE TABLE `summary_studentregistration` (
`ControlNum` int(11)
,`LRNNum` bigint(12)
,`LastName` varchar(50)
,`FirstName` varchar(50)
,`MiddleName` varchar(50)
,`Type` varchar(10)
,`URL_Picture` varchar(255)
,`CreatedBy` int(11)
,`RequestedBy` varchar(126)
,`DateCreated` timestamp
,`Action_` varchar(10)
,`Status_` varchar(20)
);

-- --------------------------------------------------------

--
-- Stand-in structure for view `summary_subjectcodecreation`
-- (See below for the actual view)
--
CREATE TABLE `summary_subjectcodecreation` (
`ControlNum` int(11)
,`SubjectCode` varchar(20)
,`SubjectDescription` varchar(255)
,`GradeLevel` int(2)
,`Frequency` int(1)
,`DateCreated` timestamp
,`CreatedBy` int(11)
,`RequestedBy` varchar(126)
,`Action_` varchar(10)
,`Status_` varchar(20)
);

-- --------------------------------------------------------

--
-- Stand-in structure for view `summary_teacherregistration`
-- (See below for the actual view)
--
CREATE TABLE `summary_teacherregistration` (
`ControlNum` int(11)
,`TeacherNum` int(11)
,`LastName` varchar(50)
,`FirstName` varchar(50)
,`MiddleName` varchar(50)
,`URL_Picture` varchar(255)
,`CreatedBy` int(11)
,`RequestedBy` varchar(126)
,`DateCreated` timestamp
,`Action_` varchar(10)
,`Status_` varchar(20)
);

-- --------------------------------------------------------

--
-- Table structure for table `temp_roomcreation`
--

CREATE TABLE `temp_roomcreation` (
  `ControlNum` int(11) NOT NULL,
  `RoomNum` int(11) NOT NULL,
  `RoomName` varchar(50) DEFAULT NULL,
  `Building` varchar(50) DEFAULT NULL,
  `Floor` int(2) DEFAULT NULL,
  `Type` varchar(10) NOT NULL,
  `DateCreated` timestamp NOT NULL DEFAULT CURRENT_TIMESTAMP,
  `CreatedBy` int(11) NOT NULL,
  `Action_` varchar(10) NOT NULL,
  `Status_` varchar(20) NOT NULL,
  `ApprovedBy` int(11) DEFAULT NULL,
  `ApprovalDate` datetime DEFAULT NULL,
  `Remarks` text
) ENGINE=InnoDB DEFAULT CHARSET=latin1;

--
-- Dumping data for table `temp_roomcreation`
--

INSERT INTO `temp_roomcreation` (`ControlNum`, `RoomNum`, `RoomName`, `Building`, `Floor`, `Type`, `DateCreated`, `CreatedBy`, `Action_`, `Status_`, `ApprovedBy`, `ApprovalDate`, `Remarks`) VALUES
(1, 101, '101', 'ITC', 1, 'Classroom', '2020-03-01 14:26:51', 2, 'INSERT', 'APPROVED', 1, '2020-03-03 02:33:34', NULL),
(2, 102, '102', 'ITC', 1, 'Classroom', '2020-03-01 14:31:31', 2, 'INSERT', 'APPROVED', 1, '2020-03-05 02:57:57', NULL),
(3, 103, '101', 'ITC', 1, 'Classroom', '2020-03-01 18:52:54', 2, 'INSERT', 'APPROVED', 1, '2020-03-05 03:22:07', NULL),
(4, 104, '104', '1', 1, 'Classroom', '2020-03-01 18:54:08', 2, 'INSERT', 'REJECTED', 1, '2020-03-03 02:30:50', NULL),
(5, 201, '201', 'ITC', 2, 'Classroom', '2020-03-04 19:18:31', 2, 'INSERT', 'APPROVED', 1, '2020-03-05 03:18:40', NULL),
(6, 104, NULL, NULL, NULL, 'Classroom', '2020-03-06 12:05:10', 2, 'INSERT', 'PENDING', NULL, NULL, NULL),
(7, 104, NULL, NULL, NULL, 'Classroom', '2020-03-06 12:05:37', 2, 'INSERT', 'PENDING', NULL, NULL, NULL),
(8, 104, NULL, NULL, NULL, 'Classroom', '2020-03-06 12:07:36', 2, 'INSERT', 'PENDING', NULL, NULL, NULL),
(9, 104, '104', 'ITC', 1, 'Classroom', '2020-03-06 12:19:30', 2, 'INSERT', 'PENDING', NULL, NULL, NULL),
(10, 104, '104', 'ITC', 1, 'Classroom', '2020-03-07 10:20:33', 2, 'INSERT', 'PENDING', NULL, NULL, NULL);

-- --------------------------------------------------------

--
-- Table structure for table `temp_sched`
--

CREATE TABLE `temp_sched` (
  `SchedID` int(11) NOT NULL,
  `SubjectNum` varchar(30) NOT NULL,
  `SubjectDay` varchar(10) NOT NULL,
  `SubjectTime` varchar(20) NOT NULL
) ENGINE=InnoDB DEFAULT CHARSET=latin1;

--
-- Dumping data for table `temp_sched`
--

INSERT INTO `temp_sched` (`SchedID`, `SubjectNum`, `SubjectDay`, `SubjectTime`) VALUES
(1, '5e63c50bc1da7AP8', 'Monday', '6:00-7:00'),
(2, '5e63c50bc1da7ENG8', 'Tuesday', '6:00-7:00'),
(3, '5e63c50bc1da7ENG8', 'Wednesday', '6:00-7:00'),
(4, '5e63c50bc1da7AP8', 'Thursday', '6:00-7:00'),
(5, '5e63c50bc1da7ENG8', 'Friday', '6:00-7:00'),
(6, '5e63c50bc1da7AP8', 'Monday', '7:00-8:00'),
(7, '5e63c50bc1da7ENG8', 'Tuesday', '7:00-8:00'),
(8, '5e63c5b9cb563FIL8', 'Monday', '7:00-8:00'),
(9, '5e63c5b9cb563ENG8', 'Tuesday', '7:00-8:00'),
(10, '5e63c5b9cb563ENG8', 'Wednesday', '7:00-8:00'),
(11, '5e63c5b9cb563ENG8', 'Thursday', '7:00-8:00'),
(12, '5e63c5b9cb563AP8', 'Friday', '8:00-9:00'),
(13, '5e63c5b9cb563MAPEH8', 'Monday', '8:00-9:00'),
(14, '5e63c5b9cb563FIL8', 'Tuesday', '8:00-9:00');

-- --------------------------------------------------------

--
-- Table structure for table `temp_sched_backuo`
--

CREATE TABLE `temp_sched_backuo` (
  `SchedID` int(11) NOT NULL,
  `SubjectID` varchar(50) NOT NULL,
  `SubjectDay` varchar(10) NOT NULL,
  `SubjectTime` varchar(20) NOT NULL
) ENGINE=InnoDB DEFAULT CHARSET=latin1;

--
-- Dumping data for table `temp_sched_backuo`
--

INSERT INTO `temp_sched_backuo` (`SchedID`, `SubjectID`, `SubjectDay`, `SubjectTime`) VALUES
(1, 'AP8-1-2', 'Tuesday', '8:00-9:00'),
(2, 'ENG8-1-2', 'Wednesday', '8:00-9:00'),
(3, 'ESP8-1-2', 'Thursday', '6:00-7:00'),
(4, 'ENG8-1-2', 'Monday', '7:00-8:00'),
(5, 'ENG8-1-2', 'Thursday', '10:20-11:20'),
(6, 'FIL8-1-2', 'Tuesday', '3:00-4:00'),
(7, 'MATH8B-1-2', 'Monday', '3:00-4:00'),
(8, 'MATH8A-1-2', 'Thursday', '1:00-2:00'),
(9, 'AP8-1-2', 'Friday', '3:00-4:00'),
(10, 'AP7-2-2', 'Monday', '6:00-7:00'),
(11, 'AP7-2-2', 'Tuesday', '6:00-7:00'),
(12, 'AP7-2-2', 'Wednesday', '6:00-7:00'),
(13, 'ENG7-2-2', 'Thursday', '6:00-7:00'),
(14, 'ENG7-2-2', 'Friday', '6:00-7:00'),
(15, 'ENG7-2-2', 'Monday', '7:00-8:00'),
(16, 'ENG7-2-2', 'Tuesday', '7:00-8:00'),
(17, 'ESP7-2-2', 'Wednesday', '7:00-8:00'),
(18, 'ESP7-2-2', 'Thursday', '7:00-8:00'),
(19, 'MAPEH7-2-2', 'Monday', '8:00-9:00'),
(20, 'MAPEH7-2-2', 'Tuesday', '8:00-9:00'),
(21, 'MAPEH7-2-2', 'Wednesday', '8:00-9:00'),
(22, 'MAPEH7-2-2', 'Thursday', '8:00-9:00'),
(23, 'FIL7-2-2', 'Friday', '7:00-8:00'),
(24, 'FIL7-2-2', 'Friday', '8:00-9:00'),
(25, 'FIL7-2-2', 'Monday', '9:20-10:20'),
(26, 'FIL7-2-2', 'Tuesday', '9:20-10:20'),
(27, 'MATH7A-2-2', 'Wednesday', '9:20-10:20'),
(28, 'MATH7A-2-2', 'Thursday', '9:20-10:20'),
(29, 'MATH7A-2-2', 'Friday', '9:20-10:20'),
(30, 'MATH7A-2-2', 'Monday', '10:20-11:20'),
(31, 'MATH7B-2-2', 'Tuesday', '10:20-11:20'),
(32, 'MATH7B-2-2', 'Wednesday', '10:20-11:20'),
(33, 'MATH7B-2-2', 'Friday', '10:20-11:20'),
(34, 'MATH7B-2-2', 'Monday', '11:20-12:20'),
(35, 'SCI7A-2-2', 'Tuesday', '11:20-12:20'),
(36, 'SCI7A-2-2', 'Wednesday', '11:20-12:20'),
(37, 'SCI7A-2-2', 'Thursday', '11:20-12:20'),
(38, 'SCI7A-2-2', 'Friday', '11:20-12:20'),
(39, 'SCI7B-2-2', 'Thursday', '10:20-11:20'),
(40, 'SCI7B-2-2', 'Monday', '1:00-2:00'),
(41, 'SCI7B-2-2', 'Tuesday', '1:00-2:00'),
(42, 'SCI7B-2-2', 'Wednesday', '1:00-2:00'),
(43, 'RESEARCH7-2-2', 'Thursday', '1:00-2:00'),
(44, 'RESEARCH7-2-2', 'Monday', '2:00-3:00'),
(45, 'RESEARCH7-2-2', 'Tuesday', '2:00-3:00'),
(46, 'TLE7-2-2', 'Wednesday', '2:00-3:00'),
(47, 'TLE7-2-2', 'Thursday', '2:00-3:00'),
(48, 'TLE7-2-2', 'Friday', '1:00-2:00'),
(49, 'TLE7-2-2', 'Friday', '2:00-3:00'),
(50, 'RESEARCH7-2-2', 'Monday', '3:00-4:00'),
(51, 'FIL8-3-2', 'Monday', '6:00-7:00'),
(52, 'FIL8-3-2', 'Tuesday', '6:00-7:00'),
(53, 'FIL8-3-2', 'Wednesday', '6:00-7:00');

-- --------------------------------------------------------

--
-- Table structure for table `temp_sectioncreation`
--

CREATE TABLE `temp_sectioncreation` (
  `ControlNum` int(11) NOT NULL,
  `SectionNum` int(11) DEFAULT NULL,
  `SectionName` varchar(100) NOT NULL,
  `RoomNum` int(11) NOT NULL,
  `GradeLevel` int(2) NOT NULL,
  `Adviser` int(11) NOT NULL,
  `DateCreated` timestamp NOT NULL DEFAULT CURRENT_TIMESTAMP ON UPDATE CURRENT_TIMESTAMP,
  `CreatedBy` int(11) NOT NULL,
  `Action_` varchar(10) NOT NULL,
  `Status_` varchar(20) NOT NULL,
  `ApprovedBy` int(11) DEFAULT NULL,
  `ApprovalDate` datetime DEFAULT NULL,
  `Remarks` text
) ENGINE=InnoDB DEFAULT CHARSET=latin1;

--
-- Dumping data for table `temp_sectioncreation`
--

INSERT INTO `temp_sectioncreation` (`ControlNum`, `SectionNum`, `SectionName`, `RoomNum`, `GradeLevel`, `Adviser`, `DateCreated`, `CreatedBy`, `Action_`, `Status_`, `ApprovedBy`, `ApprovalDate`, `Remarks`) VALUES
(1, NULL, 'Kamias', 101, 8, 16, '2020-03-06 11:43:55', 2, 'INSERT', 'APPROVED', 1, '2020-03-03 18:06:19', NULL),
(3, NULL, 'Caimito', 101, 7, 17, '2020-03-06 11:44:01', 2, 'INSERT', 'REJECTED', 1, '2020-03-03 18:46:01', NULL),
(4, NULL, 'Sumakwel', 102, 7, 16, '2020-03-06 11:44:06', 2, 'INSERT', 'APPROVED', 1, '2020-03-05 03:13:12', NULL),
(5, NULL, 'Sumakewel', 102, 7, 15, '2020-03-06 11:44:11', 2, 'INSERT', 'PENDING', NULL, NULL, NULL),
(6, NULL, 'Mayana', 201, 8, 15, '2020-03-06 11:44:17', 2, 'INSERT', 'APPROVED', 1, '2020-03-05 03:19:25', NULL),
(7, NULL, 'Naro', 103, 7, 17, '2020-03-06 11:44:23', 2, 'INSERT', 'PENDING', NULL, NULL, NULL),
(8, NULL, 'Our Lady of Good Success', 103, 7, 17, '2020-03-07 10:27:27', 2, 'INSERT', 'APPROVED', 1, '2020-03-07 18:27:27', NULL);

-- --------------------------------------------------------

--
-- Table structure for table `temp_sectioncreation_backup`
--

CREATE TABLE `temp_sectioncreation_backup` (
  `ControlNum` int(11) NOT NULL,
  `SectionNum` int(11) DEFAULT NULL,
  `SectionName` varchar(100) NOT NULL,
  `RoomNum` int(11) NOT NULL,
  `GradeLevel` int(2) NOT NULL,
  `SchoolYear` varchar(11) NOT NULL,
  `Adviser` int(11) NOT NULL,
  `DateCreated` timestamp NOT NULL DEFAULT CURRENT_TIMESTAMP ON UPDATE CURRENT_TIMESTAMP,
  `CreatedBy` int(11) NOT NULL,
  `Action_` varchar(10) NOT NULL,
  `Status_` varchar(20) NOT NULL,
  `ApprovedBy` int(11) DEFAULT NULL,
  `ApprovalDate` datetime DEFAULT NULL,
  `Remarks` text
) ENGINE=InnoDB DEFAULT CHARSET=latin1;

--
-- Dumping data for table `temp_sectioncreation_backup`
--

INSERT INTO `temp_sectioncreation_backup` (`ControlNum`, `SectionNum`, `SectionName`, `RoomNum`, `GradeLevel`, `SchoolYear`, `Adviser`, `DateCreated`, `CreatedBy`, `Action_`, `Status_`, `ApprovedBy`, `ApprovalDate`, `Remarks`) VALUES
(1, NULL, 'Kamias', 101, 8, '2020-2021', 16, '2020-03-06 11:43:55', 2, 'INSERT', 'APPROVED', 1, '2020-03-03 18:06:19', NULL),
(3, NULL, 'Caimito', 101, 7, '2020-2021', 17, '2020-03-06 11:44:01', 2, 'INSERT', 'REJECTED', 1, '2020-03-03 18:46:01', NULL),
(4, NULL, 'Sumakwel', 102, 7, '2020-2021', 16, '2020-03-06 11:44:06', 2, 'INSERT', 'APPROVED', 1, '2020-03-05 03:13:12', NULL),
(5, NULL, 'Sumakewel', 102, 7, '2020-2021', 15, '2020-03-06 11:44:11', 2, 'INSERT', 'PENDING', NULL, NULL, NULL),
(6, NULL, 'Mayana', 201, 8, '2020-2021', 15, '2020-03-06 11:44:17', 2, 'INSERT', 'APPROVED', 1, '2020-03-05 03:19:25', NULL),
(7, NULL, 'Naro', 103, 7, '2020-2021', 17, '2020-03-06 11:44:23', 2, 'INSERT', 'PENDING', NULL, NULL, NULL),
(8, NULL, 'Our Lady of Good Success', 103, 7, '2020-2021', 17, '2020-03-07 10:27:27', 2, 'INSERT', 'APPROVED', 1, '2020-03-07 18:27:27', NULL);

-- --------------------------------------------------------

--
-- Table structure for table `temp_studentregistration`
--

CREATE TABLE `temp_studentregistration` (
  `ControlNum` int(11) NOT NULL,
  `LRNNum` bigint(12) NOT NULL,
  `GradeLevel` int(2) NOT NULL,
  `Type` varchar(10) NOT NULL,
  `LastName` varchar(50) NOT NULL,
  `ExtendedName` varchar(20) DEFAULT NULL,
  `FirstName` varchar(50) NOT NULL,
  `MiddleName` varchar(50) DEFAULT NULL,
  `Gender` varchar(6) NOT NULL,
  `Birthday` date NOT NULL,
  `BirthPlace` varchar(255) NOT NULL,
  `Email` varchar(70) DEFAULT NULL,
  `CellphoneNum` varchar(13) DEFAULT NULL,
  `LandlineNum` varchar(20) DEFAULT NULL,
  `URL_Picture` varchar(255) NOT NULL,
  `Present_StreetAdd` varchar(100) DEFAULT NULL,
  `Present_City` varchar(40) NOT NULL,
  `Present_Province` varchar(40) NOT NULL,
  `Present_Country` varchar(40) NOT NULL,
  `Permanent_StreetAdd` varchar(100) DEFAULT NULL,
  `Permanent_City` varchar(40) NOT NULL,
  `Permanent_Province` varchar(40) NOT NULL,
  `Permanent_Country` varchar(40) NOT NULL,
  `Present_SchoolName` varchar(100) NOT NULL,
  `Present_SchoolAddress` varchar(255) DEFAULT NULL,
  `Present_SchoolContact` varchar(20) DEFAULT NULL,
  `MotherName` varchar(150) DEFAULT NULL,
  `MotherContact` varchar(20) DEFAULT NULL,
  `MotherEducation` varchar(50) DEFAULT NULL,
  `MotherOccupation` varchar(100) DEFAULT NULL,
  `FatherName` varchar(150) DEFAULT NULL,
  `FatherContact` varchar(20) DEFAULT NULL,
  `FatherEducation` varchar(50) DEFAULT NULL,
  `FatherOccupation` varchar(100) DEFAULT NULL,
  `GuardianName` varchar(150) DEFAULT NULL,
  `GuardianContact` varchar(20) DEFAULT NULL,
  `GuardianRelationship` varchar(50) DEFAULT NULL,
  `GuardianOccupation` varchar(100) DEFAULT NULL,
  `FirstReq` tinyint(1) NOT NULL,
  `SecondReq` tinyint(1) NOT NULL,
  `ThirdReq` tinyint(1) NOT NULL,
  `FourthReq` tinyint(1) NOT NULL,
  `FifthReq1` tinyint(1) NOT NULL,
  `FifthReq2` tinyint(1) NOT NULL,
  `FifthReq3` tinyint(1) NOT NULL,
  `CreatedBy` int(11) NOT NULL,
  `Action_` varchar(10) NOT NULL,
  `DateCreated` timestamp NOT NULL DEFAULT CURRENT_TIMESTAMP,
  `Status_` varchar(20) NOT NULL,
  `ApprovedBy` int(11) DEFAULT NULL,
  `ApprovalDate` datetime DEFAULT NULL,
  `Remarks` text
) ENGINE=InnoDB DEFAULT CHARSET=latin1;

--
-- Dumping data for table `temp_studentregistration`
--

INSERT INTO `temp_studentregistration` (`ControlNum`, `LRNNum`, `GradeLevel`, `Type`, `LastName`, `ExtendedName`, `FirstName`, `MiddleName`, `Gender`, `Birthday`, `BirthPlace`, `Email`, `CellphoneNum`, `LandlineNum`, `URL_Picture`, `Present_StreetAdd`, `Present_City`, `Present_Province`, `Present_Country`, `Permanent_StreetAdd`, `Permanent_City`, `Permanent_Province`, `Permanent_Country`, `Present_SchoolName`, `Present_SchoolAddress`, `Present_SchoolContact`, `MotherName`, `MotherContact`, `MotherEducation`, `MotherOccupation`, `FatherName`, `FatherContact`, `FatherEducation`, `FatherOccupation`, `GuardianName`, `GuardianContact`, `GuardianRelationship`, `GuardianOccupation`, `FirstReq`, `SecondReq`, `ThirdReq`, `FourthReq`, `FifthReq1`, `FifthReq2`, `FifthReq3`, `CreatedBy`, `Action_`, `DateCreated`, `Status_`, `ApprovedBy`, `ApprovalDate`, `Remarks`) VALUES
(1, 131324243535, 7, 'New', 'Gabon', 'Jr.', 'Jose Mari', 'Manuel', 'Male', '2008-03-28', 'Pasig City', 'gabonjosemari@gmail.com', '09182004644', '7251221', '430082_541686969183789_1029801639_n.jpg', '#4803 V. Baltazar, Pinagbuhatan', 'Pasig', 'Metro Manila', 'Philippines', '#4803 V. Baltazar, Pinagbuhatan', 'Pasig', 'Metro Manila', 'Philippines', 'La Immaculada Concepcion School', 'E. Caruncho Ave., Brgy. Malinao, Pasig City', '9002594', 'Mary Ann M. Gabon', '9002594', NULL, 'Housewife', 'Ernesto B. Gabon', '9002594', NULL, 'Crane Operator', 'Maritha M. Lirazan', '9002594', NULL, 'Housewife', 1, 1, 1, 1, 0, 0, 1, 2, 'INSERT', '2020-03-01 06:23:34', 'APPROVED', 1, '2020-03-03 01:58:46', NULL),
(3, 123412341234, 7, 'New', 'Daguio ', NULL, 'Anndrew', 'Gorostiza', 'Female', '2009-03-12', 'Mandaluyong City', 'Andrea@brilliant', '09197518220', '87001', '430082_541686969183789_1029801639_n.jpg', NULL, 'Mandaluyong', 'Metro Manila', 'Portugal', NULL, 'Mandaluyong', 'Metro Manila', 'Portugal', 'Greenhills Elementary School', NULL, NULL, NULL, NULL, NULL, NULL, NULL, NULL, NULL, NULL, 'Direk Bobby Gutierez', NULL, 'uncle', 'Director', 1, 1, 1, 1, 0, 0, 1, 2, 'INSERT', '2020-03-01 06:23:36', 'APPROVED', 1, '2020-03-03 02:05:51', NULL),
(4, 114774719111, 7, 'New', 'Bulledo', NULL, 'Rodney', NULL, 'Male', '2008-01-01', 'Pasig City', NULL, NULL, NULL, '734497_541687085850444_743866169_n.jpg', NULL, 'Pasig City', 'Metro Manila', 'Philippines', NULL, 'Pasig City', 'Metro Manila', 'Philippines', 'La Immaculada Concepcion School', NULL, NULL, NULL, NULL, NULL, NULL, NULL, NULL, NULL, NULL, 'Wendell Bulledo', NULL, 'brother', NULL, 1, 0, 1, 1, 0, 1, 0, 2, 'INSERT', '2020-03-02 12:23:31', 'APPROVED', 1, '2020-03-03 02:04:19', NULL),
(5, 412746182828, 7, 'New', 'Gabo', NULL, 'Jo', NULL, 'Male', '2020-03-02', 'Pasig', NULL, NULL, NULL, '76371_541686522517167_1955437084_n.jpg', NULL, 'PAsig', 'MEtro Manila', 'Philippines', NULL, 'PAsig', 'MEtro Manila', 'Philippines', 'LICS', NULL, NULL, NULL, NULL, NULL, NULL, NULL, NULL, NULL, NULL, NULL, NULL, NULL, NULL, 1, 0, 1, 1, 0, 0, 0, 2, 'INSERT', '2020-03-05 10:45:09', 'APPROVED', 1, '2020-03-05 18:51:33', NULL),
(6, 782347823478, 7, 'New', 'Rain', NULL, 'Steff', NULL, 'Male', '2021-07-15', 'Pasig', 'gabonjosemari@gmail.com', NULL, '9002594', '64843_166534910027104_4346255_n.jpg', NULL, 'Pasig City', 'Meto Manila', 'Philippines', NULL, 'Pasig City', 'Meto Manila', 'Philippines', 'La Immaculada ', NULL, NULL, NULL, NULL, NULL, NULL, NULL, NULL, NULL, NULL, NULL, NULL, NULL, NULL, 0, 0, 0, 0, 0, 0, 0, 2, 'INSERT', '2020-03-05 10:49:33', 'REJECTED', 1, '2020-03-05 18:51:46', NULL);

-- --------------------------------------------------------

--
-- Table structure for table `temp_subject`
--

CREATE TABLE `temp_subject` (
  `ControlNum` varchar(30) NOT NULL,
  `RequestNum` varchar(30) NOT NULL,
  `SubjectID` varchar(50) NOT NULL,
  `TeacherNum` int(11) NOT NULL,
  `SectionNum` int(11) NOT NULL,
  `SubjectCode` varchar(50) NOT NULL
) ENGINE=InnoDB DEFAULT CHARSET=latin1;

--
-- Dumping data for table `temp_subject`
--

INSERT INTO `temp_subject` (`ControlNum`, `RequestNum`, `SubjectID`, `TeacherNum`, `SectionNum`, `SubjectCode`) VALUES
('5e63c50bc1da7AP8', '5e63c50bc1da7', 'AP8-1', 2, 1, 'AP 8'),
('5e63c50bc1da7ENG8', '5e63c50bc1da7', 'ENG8-1', 15, 1, 'ENG 8'),
('5e63c5b9cb563AP8', '5e63c5b9cb563', 'AP8-1', 2, 1, 'AP 8'),
('5e63c5b9cb563ENG8', '5e63c5b9cb563', 'ENG8-1', 2, 1, 'ENG 8'),
('5e63c5b9cb563FIL8', '5e63c5b9cb563', 'FIL8-1', 17, 1, 'FIL 8'),
('5e63c5b9cb563MAPEH8', '5e63c5b9cb563', 'MAPEH8-1', 17, 1, 'MAPEH 8');

-- --------------------------------------------------------

--
-- Table structure for table `temp_subjectcodecreation`
--

CREATE TABLE `temp_subjectcodecreation` (
  `ControlNum` int(11) NOT NULL,
  `SubjectCode` varchar(20) NOT NULL,
  `SubjectDescription` varchar(255) NOT NULL,
  `GradeLevel` int(2) NOT NULL,
  `Frequency` int(1) NOT NULL,
  `DateCreated` timestamp NOT NULL DEFAULT CURRENT_TIMESTAMP ON UPDATE CURRENT_TIMESTAMP,
  `CreatedBy` int(11) NOT NULL,
  `Action_` varchar(10) NOT NULL,
  `Status_` varchar(20) NOT NULL,
  `ApprovedBy` int(11) DEFAULT NULL,
  `ApprovalDate` datetime DEFAULT NULL,
  `Remarks` text
) ENGINE=InnoDB DEFAULT CHARSET=latin1;

--
-- Dumping data for table `temp_subjectcodecreation`
--

INSERT INTO `temp_subjectcodecreation` (`ControlNum`, `SubjectCode`, `SubjectDescription`, `GradeLevel`, `Frequency`, `DateCreated`, `CreatedBy`, `Action_`, `Status_`, `ApprovedBy`, `ApprovalDate`, `Remarks`) VALUES
(2, 'AP 7', 'Araling Panlipunan 7', 7, 3, '2020-03-02 18:49:01', 2, 'INSERT', 'APPROVED', 1, '2020-03-03 02:49:01', NULL),
(3, 'AP 11', 'AP 11', 7, 4, '2020-03-03 08:27:57', 2, 'INSERT', 'REJECTED', 1, '2020-03-03 16:27:57', NULL),
(4, 'AP 12', 'AP 12', 7, 3, '2020-03-03 08:27:59', 16, 'INSERT', 'REJECTED', 1, '2020-03-03 16:27:59', NULL),
(5, 'AP 11', 'Araling Panlipunan 11', 7, 3, '2020-03-06 12:20:08', 2, 'INSERT', 'PENDING', NULL, NULL, NULL);

-- --------------------------------------------------------

--
-- Table structure for table `temp_teacherregistration`
--

CREATE TABLE `temp_teacherregistration` (
  `ControlNum` int(11) NOT NULL,
  `TeacherNum` int(11) DEFAULT NULL,
  `Shift` varchar(2) NOT NULL,
  `Major` varchar(10) NOT NULL,
  `LastName` varchar(50) NOT NULL,
  `ExtendedName` varchar(20) DEFAULT NULL,
  `FirstName` varchar(50) NOT NULL,
  `MiddleName` varchar(50) DEFAULT NULL,
  `Gender` varchar(6) NOT NULL,
  `Birthday` date NOT NULL,
  `BirthPlace` varchar(255) NOT NULL,
  `Email` varchar(70) DEFAULT NULL,
  `CellphoneNum` varchar(13) DEFAULT NULL,
  `LandlineNum` varchar(20) DEFAULT NULL,
  `URL_Picture` varchar(255) NOT NULL,
  `Present_StreetAdd` varchar(100) DEFAULT NULL,
  `Present_City` varchar(40) NOT NULL,
  `Present_Province` varchar(40) NOT NULL,
  `Present_Country` varchar(40) NOT NULL,
  `Permanent_StreetAdd` varchar(100) DEFAULT NULL,
  `Permanent_City` varchar(40) NOT NULL,
  `Permanent_Province` varchar(40) NOT NULL,
  `Permanent_Country` varchar(40) NOT NULL,
  `CreatedBy` int(11) NOT NULL,
  `Action_` varchar(10) NOT NULL,
  `DateCreated` timestamp NOT NULL DEFAULT CURRENT_TIMESTAMP,
  `Status_` varchar(20) NOT NULL,
  `ApprovedBy` int(11) DEFAULT NULL,
  `ApprovalDate` datetime DEFAULT NULL,
  `Remarks` text
) ENGINE=InnoDB DEFAULT CHARSET=latin1;

--
-- Dumping data for table `temp_teacherregistration`
--

INSERT INTO `temp_teacherregistration` (`ControlNum`, `TeacherNum`, `Shift`, `Major`, `LastName`, `ExtendedName`, `FirstName`, `MiddleName`, `Gender`, `Birthday`, `BirthPlace`, `Email`, `CellphoneNum`, `LandlineNum`, `URL_Picture`, `Present_StreetAdd`, `Present_City`, `Present_Province`, `Present_Country`, `Permanent_StreetAdd`, `Permanent_City`, `Permanent_Province`, `Permanent_Country`, `CreatedBy`, `Action_`, `DateCreated`, `Status_`, `ApprovedBy`, `ApprovalDate`, `Remarks`) VALUES
(2, NULL, 'AM', 'AP', 'Apurada', NULL, 'Hernan', NULL, 'Male', '1990-11-21', 'San Juan City', NULL, NULL, NULL, 'avatar5.png', NULL, 'San Juan City', 'Metro Manila', 'Phillipines', NULL, 'San Juan City', 'Metro Manila', 'Phillipines', 2, 'INSERT', '2020-03-01 09:19:45', 'APPROVED', 1, '2020-02-19 00:00:00', NULL),
(3, NULL, 'AM', 'AP', 'Gabon', NULL, 'Jose Mari', 'Manuel', 'Male', '1997-03-28', 'Pasig City', 'gabonjosemari@gmail.com', NULL, '9002594', '46280_541687292517090_621937474_n.jpg', NULL, 'Pasig City', 'Metro Manila', 'Phillipines', NULL, 'Pasig City', 'Metro Manila', 'Phillipines', 2, 'INSERT', '2020-03-01 07:27:42', 'APPROVED', 1, '2020-03-03 00:43:45', NULL),
(4, NULL, 'AM', 'AP', 'Gabon', NULL, 'Carlos Miguel', 'Manuel', 'Male', '1999-01-22', 'Pasig City', NULL, NULL, NULL, '407093_355692657777994_1875201973_n.jpg', NULL, 'Pasig City', 'Metro Manila', 'Phillipines', NULL, 'Pasig City', 'Metro Manila', 'Phillipines', 2, 'INSERT', '2020-03-01 07:31:26', 'PENDING', NULL, NULL, NULL),
(5, NULL, 'AM', 'AP', 'Gabon', NULL, 'Patrick', 'Manuel', 'Male', '1998-11-20', 'Pasig City', NULL, NULL, NULL, '76371_541686522517167_1955437084_n.jpg', NULL, 'Pasig City', 'Metro Manila', 'Phillipines', NULL, 'Pasig City', 'Metro Manila', 'Phillipines', 2, 'INSERT', '2020-03-01 07:33:08', 'PENDING', NULL, NULL, NULL),
(6, NULL, 'PM', 'ESP', 'Oprenario', NULL, 'Leslie Alexis', 'Manuel', 'Female', '1990-03-31', 'Pasig City', NULL, NULL, NULL, '430082_541686969183789_1029801639_n.jpg', NULL, 'Pasig City', 'Metro Manila', 'Phillipines', NULL, 'Pasig City', 'Metro Manila', 'Phillipines', 2, 'INSERT', '2020-03-01 07:34:49', 'PENDING', NULL, NULL, NULL),
(7, NULL, 'PM', 'FIL', 'Cadayona', NULL, 'Gracielle Mae', 'Manuel', 'Female', '1987-06-24', 'Malabon City', NULL, NULL, NULL, '76371_541686522517167_1955437084_n.jpg', NULL, 'Pasig City', 'Metro Manila', 'Phillipines', NULL, 'Pasig City', 'Metro Manila', 'Phillipines', 2, 'INSERT', '2020-03-01 07:38:30', 'APPROVED', 1, '2020-03-03 06:52:07', NULL),
(8, NULL, 'PM', 'SCI', 'Gubat', NULL, 'Edward', NULL, 'Male', '1990-03-12', 'Pasig City', NULL, NULL, NULL, '409104_346205608731927_533903614_n.jpg', NULL, 'Pasig City', 'Metro Manila', 'Phillipines', NULL, 'Pasig City', 'Metro Manila', 'Phillipines', 2, 'INSERT', '2020-03-01 07:39:58', 'PENDING', NULL, NULL, NULL),
(11, NULL, 'AM', 'RESEARCH', 'Gabon', NULL, 'Mary Ann', NULL, 'Female', '1973-05-02', 'Malabon City', NULL, NULL, NULL, '430082_541686969183789_1029801639_n.jpg', NULL, 'Pasig City', 'Metro Manila', 'Phillipines', NULL, 'Pasig City', 'Metro Manila', 'Phillipines', 2, 'INSERT', '2020-03-01 12:48:06', 'PENDING', NULL, NULL, NULL),
(12, NULL, 'AM', 'TLE', 'Gabon', NULL, 'Ernesto', 'Baccol', 'Male', '1969-01-03', 'Manila City', NULL, NULL, NULL, '430082_541686969183789_1029801639_n.jpg', NULL, 'Pasig City', 'Metro Manila', 'Phillipines', NULL, 'Pasig City', 'Metro Manila', 'Phillipines', 2, 'INSERT', '2020-03-01 08:51:01', 'PENDING', NULL, NULL, NULL),
(13, NULL, 'AM', 'MAPEH', 'Santos', NULL, 'Arwind', NULL, 'Male', '1987-04-01', 'Pasig City', NULL, NULL, NULL, 'arwind.jpg', NULL, 'Pasig City', 'Metro Manila', 'Phillipines', NULL, 'Pasig City', 'Metro Manila', 'Phillipines', 2, 'INSERT', '2020-03-02 04:52:57', 'PENDING', NULL, NULL, NULL),
(14, NULL, 'PM', 'ESP', 'Gamis', NULL, 'Bryan', NULL, 'Male', '1997-06-07', 'Muntinlupa City', NULL, NULL, NULL, 'swimming.jpg', NULL, 'Muntinlupa City', 'Metro Manila', 'Phillipines', NULL, 'Muntinlupa City', 'Metro Manila', 'Phillipines', 2, 'INSERT', '2020-03-02 04:54:07', 'PENDING', NULL, NULL, NULL),
(15, NULL, 'PM', 'ENG', 'Rain', NULL, 'Steffy', NULL, 'Female', '1998-08-01', 'Paranaque City', NULL, NULL, NULL, '385286_541686595850493_1094974341_n.jpg', NULL, 'Paranaque City', 'Metro Manila', 'Phillipines', NULL, 'Paranaque City', 'Metro Manila', 'Phillipines', 2, 'INSERT', '2020-03-02 12:21:15', 'PENDING', NULL, NULL, NULL),
(16, NULL, 'AM', 'FIL', 'Maligaya', NULL, 'Joshua', NULL, 'Male', '1997-03-20', 'Pasig City', NULL, NULL, NULL, 'swimming.jpg', NULL, 'Pasig City', 'Metro Manila', 'Phillipines', NULL, 'Pasig City', 'Metro Manila', 'Phillipines', 15, 'INSERT', '2020-03-02 17:13:40', 'PENDING', NULL, NULL, NULL),
(17, NULL, 'AM', 'MAPEH', 'Chacha', NULL, 'DJ', NULL, 'Female', '1990-03-01', 'Manila City', NULL, NULL, NULL, '46280_541687292517090_621937474_n.jpg', NULL, 'Manila City', 'Metro Manila', 'Phillipines', NULL, 'Manila City', 'Metro Manila', 'Phillipines', 2, 'INSERT', '2020-03-03 08:21:00', 'APPROVED', 1, '2020-03-03 16:22:27', NULL);

-- --------------------------------------------------------

--
-- Structure for view `masterlist_section`
--
DROP TABLE IF EXISTS `masterlist_section`;

CREATE ALGORITHM=UNDEFINED DEFINER=`root`@`localhost` SQL SECURITY DEFINER VIEW `masterlist_section`  AS  select `main_section`.`SectionNum` AS `SectionNum`,`main_section`.`SectionName` AS `SectionName`,`main_section`.`RoomNum` AS `RoomNum`,`main_section`.`GradeLevel` AS `GradeLevel`,`main_section`.`Adviser` AS `Adviser`,if(isnull(`main_teacher`.`MiddleName`),concat(`main_teacher`.`LastName`,if(isnull(`main_teacher`.`ExtendedName`),'',`main_teacher`.`ExtendedName`),', ',`main_teacher`.`FirstName`,'',''),concat(`main_teacher`.`LastName`,' ',if(isnull(`main_teacher`.`ExtendedName`),'',`main_teacher`.`ExtendedName`),', ',`main_teacher`.`FirstName`,' ',left(`main_teacher`.`MiddleName`,1),'.')) AS `AdviserName`,`main_section`.`DateCreated` AS `DateCreated` from (`main_section` left join `main_teacher` on((`main_teacher`.`TeacherNum` = `main_section`.`Adviser`))) ;

-- --------------------------------------------------------

--
-- Structure for view `masterlist_section_request`
--
DROP TABLE IF EXISTS `masterlist_section_request`;

CREATE ALGORITHM=UNDEFINED DEFINER=`root`@`localhost` SQL SECURITY DEFINER VIEW `masterlist_section_request`  AS  select distinct `main_section`.`SectionNum` AS `SectionNum`,`main_section`.`SectionName` AS `SectionName`,`main_section`.`RoomNum` AS `RoomNum`,`main_section`.`GradeLevel` AS `GradeLevel`,`main_section`.`Adviser` AS `Adviser`,if(isnull(`advisory`.`MiddleName`),concat(`advisory`.`LastName`,if(isnull(`advisory`.`ExtendedName`),'',`advisory`.`ExtendedName`),', ',`advisory`.`FirstName`,'',''),concat(`advisory`.`LastName`,' ',if(isnull(`advisory`.`ExtendedName`),'',`advisory`.`ExtendedName`),', ',`advisory`.`FirstName`,' ',left(`advisory`.`MiddleName`,1),'.')) AS `AdviserName`,`requests_schedule`.`CreatedBy` AS `CreatedBy`,if(isnull(`creator`.`MiddleName`),concat(`creator`.`LastName`,if(isnull(`creator`.`ExtendedName`),'',`creator`.`ExtendedName`),', ',`creator`.`FirstName`,'',''),concat(`creator`.`LastName`,' ',if(isnull(`creator`.`ExtendedName`),'',`creator`.`ExtendedName`),', ',`creator`.`FirstName`,' ',left(`creator`.`MiddleName`,1),'.')) AS `RequestedBy`,`requests_schedule`.`Status_` AS `Status_` from (((`main_section` left join `main_teacher` `advisory` on((`advisory`.`TeacherNum` = `main_section`.`Adviser`))) left join `requests_schedule` on((`main_section`.`SectionNum` = `requests_schedule`.`SectionNum`))) left join `main_teacher` `creator` on((`requests_schedule`.`CreatedBy` = `creator`.`TeacherNum`))) ;

-- --------------------------------------------------------

--
-- Structure for view `masterlist_teacher`
--
DROP TABLE IF EXISTS `masterlist_teacher`;

CREATE ALGORITHM=UNDEFINED DEFINER=`root`@`localhost` SQL SECURITY DEFINER VIEW `masterlist_teacher`  AS  (select `main_teacher`.`TeacherNum` AS `TeacherNum`,`main_teacher`.`LastName` AS `LastName`,`main_teacher`.`ExtendedName` AS `ExtendedName`,`main_teacher`.`FirstName` AS `FirstName`,`main_teacher`.`MiddleName` AS `MiddleName`,`main_teacher`.`Shift` AS `Shift`,`main_teacher`.`Major` AS `Major`,`access`.`Access` AS `Access`,`access`.`AccessType` AS `AccessType` from (`main_teacher` join `access` on((`main_teacher`.`TeacherNum` = `access`.`TeacherNum`)))) ;

-- --------------------------------------------------------

--
-- Structure for view `summary_availableadviser`
--
DROP TABLE IF EXISTS `summary_availableadviser`;

CREATE ALGORITHM=UNDEFINED DEFINER=`root`@`localhost` SQL SECURITY DEFINER VIEW `summary_availableadviser`  AS  select `main_teacher`.`TeacherNum` AS `TeacherNum`,`main_teacher`.`LastName` AS `LastName`,`main_teacher`.`ExtendedName` AS `ExtendedName`,`main_teacher`.`FirstName` AS `FirstName`,`main_teacher`.`MiddleName` AS `MiddleName` from (`main_teacher` left join `main_section` on((`main_teacher`.`TeacherNum` = `main_section`.`Adviser`))) where isnull(`main_section`.`Adviser`) ;

-- --------------------------------------------------------

--
-- Structure for view `summary_availableclassroom`
--
DROP TABLE IF EXISTS `summary_availableclassroom`;

CREATE ALGORITHM=UNDEFINED DEFINER=`root`@`localhost` SQL SECURITY DEFINER VIEW `summary_availableclassroom`  AS  select `main_room`.`RoomNum` AS `RoomNum`,`main_room`.`RoomName` AS `RoomName`,`main_room`.`Building` AS `Building`,`main_room`.`Floor` AS `Floor` from (`main_room` left join `main_section` on((`main_room`.`RoomNum` = `main_section`.`RoomNum`))) where (isnull(`main_section`.`RoomNum`) and (`main_room`.`Type` = 'Classroom')) ;

-- --------------------------------------------------------

--
-- Structure for view `summary_availableteacher`
--
DROP TABLE IF EXISTS `summary_availableteacher`;

CREATE ALGORITHM=UNDEFINED DEFINER=`root`@`localhost` SQL SECURITY DEFINER VIEW `summary_availableteacher`  AS  (select `main_teacher`.`TeacherNum` AS `TeacherNum`,`main_teacher`.`LastName` AS `LastName`,`main_teacher`.`ExtendedName` AS `ExtendedName`,`main_teacher`.`FirstName` AS `FirstName`,`main_teacher`.`MiddleName` AS `MiddleName` from (`main_teacher` left join `main_section` on(isnull(`main_section`.`Adviser`)))) ;

-- --------------------------------------------------------

--
-- Structure for view `summary_roomcreation`
--
DROP TABLE IF EXISTS `summary_roomcreation`;

CREATE ALGORITHM=UNDEFINED DEFINER=`root`@`localhost` SQL SECURITY DEFINER VIEW `summary_roomcreation`  AS  select `temp_roomcreation`.`ControlNum` AS `ControlNum`,`temp_roomcreation`.`RoomNum` AS `RoomNum`,`temp_roomcreation`.`RoomName` AS `RoomName`,`temp_roomcreation`.`Building` AS `Building`,`temp_roomcreation`.`Floor` AS `Floor`,`temp_roomcreation`.`Type` AS `Type`,`temp_roomcreation`.`DateCreated` AS `DateCreated`,`temp_roomcreation`.`CreatedBy` AS `CreatedBy`,(select if(isnull(`main_teacher`.`MiddleName`),concat(`main_teacher`.`LastName`,if(isnull(`main_teacher`.`ExtendedName`),'',`main_teacher`.`ExtendedName`),', ',`main_teacher`.`FirstName`,'',''),concat(`main_teacher`.`LastName`,' ',if(isnull(`main_teacher`.`ExtendedName`),'',`main_teacher`.`ExtendedName`),', ',`main_teacher`.`FirstName`,' ',left(`main_teacher`.`MiddleName`,1),'.'))) AS `RequestedBy`,`temp_roomcreation`.`Action_` AS `Action_`,`temp_roomcreation`.`Status_` AS `Status_` from (`temp_roomcreation` join `main_teacher` on((`main_teacher`.`TeacherNum` = `temp_roomcreation`.`CreatedBy`))) ;

-- --------------------------------------------------------

--
-- Structure for view `summary_schedule`
--
DROP TABLE IF EXISTS `summary_schedule`;

CREATE ALGORITHM=UNDEFINED DEFINER=`root`@`localhost` SQL SECURITY DEFINER VIEW `summary_schedule`  AS  select `requests_schedule`.`ControlNum` AS `ControlNum`,`requests_schedule`.`SectionNum` AS `SectionNum`,`main_section`.`SectionName` AS `SectionName`,`main_section`.`GradeLevel` AS `GradeLevel`,if(isnull(`advisory`.`MiddleName`),concat(`advisory`.`LastName`,if(isnull(`advisory`.`ExtendedName`),'',`advisory`.`ExtendedName`),', ',`advisory`.`FirstName`,'',''),concat(`advisory`.`LastName`,' ',if(isnull(`advisory`.`ExtendedName`),'',`advisory`.`ExtendedName`),', ',`advisory`.`FirstName`,' ',left(`advisory`.`MiddleName`,1),'.')) AS `Adviser`,`temp_subject`.`SubjectID` AS `SubjectID`,`temp_subject`.`SubjectCode` AS `SubjectCode`,`temp_sched`.`SchedID` AS `SchedID`,`temp_sched`.`SubjectDay` AS `SubjectDay`,`temp_sched`.`SubjectTime` AS `SubjectTime`,`requests_schedule`.`CreatedBy` AS `CreatedBy`,if(isnull(`creation`.`MiddleName`),concat(`creation`.`LastName`,if(isnull(`creation`.`ExtendedName`),'',`creation`.`ExtendedName`),', ',`creation`.`FirstName`,'',''),concat(`creation`.`LastName`,' ',if(isnull(`creation`.`ExtendedName`),'',`creation`.`ExtendedName`),', ',`creation`.`FirstName`,' ',left(`creation`.`MiddleName`,1),'.')) AS `Creator`,`temp_subject`.`TeacherNum` AS `TeacherNum`,if(isnull(`teacher`.`MiddleName`),concat(`teacher`.`LastName`,if(isnull(`teacher`.`ExtendedName`),'',`teacher`.`ExtendedName`),', ',`teacher`.`FirstName`,'',''),concat(`teacher`.`LastName`,' ',if(isnull(`teacher`.`ExtendedName`),'',`teacher`.`ExtendedName`),', ',`teacher`.`FirstName`,' ',left(`teacher`.`MiddleName`,1),'.')) AS `TeacherName` from ((((((`temp_sched` left join `temp_subject` on((`temp_sched`.`SubjectNum` = `temp_subject`.`ControlNum`))) left join `requests_schedule` on((`temp_subject`.`RequestNum` = `requests_schedule`.`ControlNum`))) left join `main_section` on((`main_section`.`SectionNum` = `requests_schedule`.`SectionNum`))) left join `main_teacher` `creation` on((`creation`.`TeacherNum` = `requests_schedule`.`CreatedBy`))) left join `main_teacher` `advisory` on((`advisory`.`TeacherNum` = `main_section`.`Adviser`))) left join `main_teacher` `teacher` on((`teacher`.`TeacherNum` = `temp_subject`.`TeacherNum`))) group by `temp_sched`.`SchedID` ;

-- --------------------------------------------------------

--
-- Structure for view `summary_schedulerequests`
--
DROP TABLE IF EXISTS `summary_schedulerequests`;

CREATE ALGORITHM=UNDEFINED DEFINER=`root`@`localhost` SQL SECURITY DEFINER VIEW `summary_schedulerequests`  AS  select `requests_schedule`.`ControlNum` AS `ControlNum`,`requests_schedule`.`SectionNum` AS `SectionNum`,`main_section`.`SectionName` AS `SectionName`,`main_section`.`GradeLevel` AS `GradeLevel`,`requests_schedule`.`CreatedBy` AS `CreatedBy`,if(isnull(`main_teacher`.`MiddleName`),concat(`main_teacher`.`LastName`,if(isnull(`main_teacher`.`ExtendedName`),'',`main_teacher`.`ExtendedName`),', ',`main_teacher`.`FirstName`,'',''),concat(`main_teacher`.`LastName`,' ',if(isnull(`main_teacher`.`ExtendedName`),'',`main_teacher`.`ExtendedName`),', ',`main_teacher`.`FirstName`,' ',left(`main_teacher`.`MiddleName`,1),'.')) AS `RequestedBy`,`requests_schedule`.`DateCreated` AS `DateCreated`,`requests_schedule`.`Action_` AS `Action_`,`requests_schedule`.`Status_` AS `Status_` from ((`requests_schedule` left join `main_section` on((`main_section`.`SectionNum` = `requests_schedule`.`SectionNum`))) left join `main_teacher` on((`main_teacher`.`TeacherNum` = `requests_schedule`.`CreatedBy`))) ;

-- --------------------------------------------------------

--
-- Structure for view `summary_schedulerequests_backup`
--
DROP TABLE IF EXISTS `summary_schedulerequests_backup`;

CREATE ALGORITHM=UNDEFINED DEFINER=`root`@`localhost` SQL SECURITY DEFINER VIEW `summary_schedulerequests_backup`  AS  select `requests_schedule`.`ControlNum` AS `ControlNum`,`requests_schedule`.`SectionNum` AS `SectionNum`,`main_section`.`SectionName` AS `SectionName`,`main_section`.`GradeLevel` AS `GradeLevel`,`requests_schedule`.`CreatedBy` AS `CreatedBy`,if(isnull(`main_teacher`.`MiddleName`),concat(`main_teacher`.`LastName`,if(isnull(`main_teacher`.`ExtendedName`),'',`main_teacher`.`ExtendedName`),', ',`main_teacher`.`FirstName`,'',''),concat(`main_teacher`.`LastName`,' ',if(isnull(`main_teacher`.`ExtendedName`),'',`main_teacher`.`ExtendedName`),', ',`main_teacher`.`FirstName`,' ',left(`main_teacher`.`MiddleName`,1),'.')) AS `RequestedBy`,`requests_schedule`.`DateCreated` AS `DateCreated`,`requests_schedule`.`Action_` AS `Action_`,`requests_schedule`.`Status_` AS `Status_` from ((`requests_schedule` left join `main_section` on((`main_section`.`SectionNum` = `requests_schedule`.`SectionNum`))) left join `main_teacher` on((`main_teacher`.`TeacherNum` = `requests_schedule`.`CreatedBy`))) ;

-- --------------------------------------------------------

--
-- Structure for view `summary_sectioncreation`
--
DROP TABLE IF EXISTS `summary_sectioncreation`;

CREATE ALGORITHM=UNDEFINED DEFINER=`root`@`localhost` SQL SECURITY DEFINER VIEW `summary_sectioncreation`  AS  (select `temp_section`.`ControlNum` AS `ControlNum`,`temp_section`.`SectionNum` AS `SectionNum`,`temp_section`.`SectionName` AS `SectionName`,`temp_section`.`RoomNum` AS `RoomNum`,`temp_section`.`GradeLevel` AS `GradeLevel`,`temp_section`.`Adviser` AS `Adviser`,if(isnull(`advisory`.`MiddleName`),concat(`advisory`.`LastName`,if(isnull(`advisory`.`ExtendedName`),'',`advisory`.`ExtendedName`),', ',`advisory`.`FirstName`,'',''),concat(`advisory`.`LastName`,' ',if(isnull(`advisory`.`ExtendedName`),'',`advisory`.`ExtendedName`),', ',`advisory`.`FirstName`,' ',left(`advisory`.`MiddleName`,1),'.')) AS `AdviserName`,`temp_section`.`DateCreated` AS `DateCreated`,`temp_section`.`CreatedBy` AS `CreatedBy`,if(isnull(`creator`.`MiddleName`),concat(`creator`.`LastName`,if(isnull(`creator`.`ExtendedName`),'',`creator`.`ExtendedName`),', ',`creator`.`FirstName`,'',''),concat(`creator`.`LastName`,' ',if(isnull(`creator`.`ExtendedName`),'',`creator`.`ExtendedName`),', ',`creator`.`FirstName`,' ',left(`creator`.`MiddleName`,1),'.')) AS `RequestedBy`,`temp_section`.`Action_` AS `Action_`,`temp_section`.`Status_` AS `Status_` from ((`temp_sectioncreation` `temp_section` join `main_teacher` `advisory` on((`temp_section`.`Adviser` = `advisory`.`TeacherNum`))) join `main_teacher` `creator` on((`temp_section`.`CreatedBy` = `creator`.`TeacherNum`)))) ;

-- --------------------------------------------------------

--
-- Structure for view `summary_studentregistration`
--
DROP TABLE IF EXISTS `summary_studentregistration`;

CREATE ALGORITHM=UNDEFINED DEFINER=`root`@`localhost` SQL SECURITY DEFINER VIEW `summary_studentregistration`  AS  (select `temp_studentregistration`.`ControlNum` AS `ControlNum`,`temp_studentregistration`.`LRNNum` AS `LRNNum`,`temp_studentregistration`.`LastName` AS `LastName`,`temp_studentregistration`.`FirstName` AS `FirstName`,`temp_studentregistration`.`MiddleName` AS `MiddleName`,`temp_studentregistration`.`Type` AS `Type`,`temp_studentregistration`.`URL_Picture` AS `URL_Picture`,`temp_studentregistration`.`CreatedBy` AS `CreatedBy`,(select if(isnull(`main_teacher`.`MiddleName`),concat(`main_teacher`.`LastName`,if(isnull(`main_teacher`.`ExtendedName`),'',`main_teacher`.`ExtendedName`),', ',`main_teacher`.`FirstName`,'',''),concat(`main_teacher`.`LastName`,' ',if(isnull(`main_teacher`.`ExtendedName`),'',`main_teacher`.`ExtendedName`),', ',`main_teacher`.`FirstName`,' ',left(`main_teacher`.`MiddleName`,1),'.'))) AS `RequestedBy`,`temp_studentregistration`.`DateCreated` AS `DateCreated`,`temp_studentregistration`.`Action_` AS `Action_`,`temp_studentregistration`.`Status_` AS `Status_` from (`temp_studentregistration` join `main_teacher` on((`temp_studentregistration`.`CreatedBy` = `main_teacher`.`TeacherNum`)))) ;

-- --------------------------------------------------------

--
-- Structure for view `summary_subjectcodecreation`
--
DROP TABLE IF EXISTS `summary_subjectcodecreation`;

CREATE ALGORITHM=UNDEFINED DEFINER=`root`@`localhost` SQL SECURITY DEFINER VIEW `summary_subjectcodecreation`  AS  select `temp_subjectcodecreation`.`ControlNum` AS `ControlNum`,`temp_subjectcodecreation`.`SubjectCode` AS `SubjectCode`,`temp_subjectcodecreation`.`SubjectDescription` AS `SubjectDescription`,`temp_subjectcodecreation`.`GradeLevel` AS `GradeLevel`,`temp_subjectcodecreation`.`Frequency` AS `Frequency`,`temp_subjectcodecreation`.`DateCreated` AS `DateCreated`,`temp_subjectcodecreation`.`CreatedBy` AS `CreatedBy`,(select if(isnull(`main_teacher`.`MiddleName`),concat(`main_teacher`.`LastName`,if(isnull(`main_teacher`.`ExtendedName`),'',`main_teacher`.`ExtendedName`),', ',`main_teacher`.`FirstName`,'',''),concat(`main_teacher`.`LastName`,' ',if(isnull(`main_teacher`.`ExtendedName`),'',`main_teacher`.`ExtendedName`),', ',`main_teacher`.`FirstName`,' ',left(`main_teacher`.`MiddleName`,1),'.'))) AS `RequestedBy`,`temp_subjectcodecreation`.`Action_` AS `Action_`,`temp_subjectcodecreation`.`Status_` AS `Status_` from (`temp_subjectcodecreation` join `main_teacher` on((`main_teacher`.`TeacherNum` = `temp_subjectcodecreation`.`CreatedBy`))) ;

-- --------------------------------------------------------

--
-- Structure for view `summary_teacherregistration`
--
DROP TABLE IF EXISTS `summary_teacherregistration`;

CREATE ALGORITHM=UNDEFINED DEFINER=`root`@`localhost` SQL SECURITY DEFINER VIEW `summary_teacherregistration`  AS  select `temp_teacherregistration`.`ControlNum` AS `ControlNum`,`temp_teacherregistration`.`TeacherNum` AS `TeacherNum`,`temp_teacherregistration`.`LastName` AS `LastName`,`temp_teacherregistration`.`FirstName` AS `FirstName`,`temp_teacherregistration`.`MiddleName` AS `MiddleName`,`temp_teacherregistration`.`URL_Picture` AS `URL_Picture`,`temp_teacherregistration`.`CreatedBy` AS `CreatedBy`,(select if(isnull(`main_teacher`.`MiddleName`),concat(`main_teacher`.`LastName`,if(isnull(`main_teacher`.`ExtendedName`),'',`main_teacher`.`ExtendedName`),', ',`main_teacher`.`FirstName`,'',''),concat(`main_teacher`.`LastName`,' ',if(isnull(`main_teacher`.`ExtendedName`),'',`main_teacher`.`ExtendedName`),', ',`main_teacher`.`FirstName`,' ',left(`main_teacher`.`MiddleName`,1),'.'))) AS `RequestedBy`,`temp_teacherregistration`.`DateCreated` AS `DateCreated`,`temp_teacherregistration`.`Action_` AS `Action_`,`temp_teacherregistration`.`Status_` AS `Status_` from (`main_teacher` join `temp_teacherregistration` on((`main_teacher`.`TeacherNum` = `temp_teacherregistration`.`CreatedBy`))) ;

--
-- Indexes for dumped tables
--

--
-- Indexes for table `access`
--
ALTER TABLE `access`
  ADD PRIMARY KEY (`TeacherNum`),
  ADD UNIQUE KEY `Username` (`Username`);

--
-- Indexes for table `grade_sortable`
--
ALTER TABLE `grade_sortable`
  ADD UNIQUE KEY `SubjectCode` (`SubjectCode`);

--
-- Indexes for table `grade_subject`
--
ALTER TABLE `grade_subject`
  ADD PRIMARY KEY (`GradeID`);

--
-- Indexes for table `grade_values`
--
ALTER TABLE `grade_values`
  ADD PRIMARY KEY (`GradeValID`);

--
-- Indexes for table `main_room`
--
ALTER TABLE `main_room`
  ADD PRIMARY KEY (`RoomNum`);

--
-- Indexes for table `main_sched`
--
ALTER TABLE `main_sched`
  ADD PRIMARY KEY (`SchedID`);

--
-- Indexes for table `main_section`
--
ALTER TABLE `main_section`
  ADD PRIMARY KEY (`SectionNum`);

--
-- Indexes for table `main_section_backup`
--
ALTER TABLE `main_section_backup`
  ADD PRIMARY KEY (`SectionNum`);

--
-- Indexes for table `main_student`
--
ALTER TABLE `main_student`
  ADD PRIMARY KEY (`LRNNum`);

--
-- Indexes for table `main_subject`
--
ALTER TABLE `main_subject`
  ADD PRIMARY KEY (`SubjectID`);

--
-- Indexes for table `main_subjectcode`
--
ALTER TABLE `main_subjectcode`
  ADD PRIMARY KEY (`SubjectCode`);

--
-- Indexes for table `main_teacher`
--
ALTER TABLE `main_teacher`
  ADD PRIMARY KEY (`TeacherNum`),
  ADD UNIQUE KEY `Email` (`Email`);

--
-- Indexes for table `requests_schedule`
--
ALTER TABLE `requests_schedule`
  ADD PRIMARY KEY (`ControlNum`);

--
-- Indexes for table `setting`
--
ALTER TABLE `setting`
  ADD UNIQUE KEY `option_name` (`SettingName`);

--
-- Indexes for table `student_access`
--
ALTER TABLE `student_access`
  ADD PRIMARY KEY (`LRNNum`);

--
-- Indexes for table `subjectcode`
--
ALTER TABLE `subjectcode`
  ADD PRIMARY KEY (`SubjectCode`);

--
-- Indexes for table `temp_roomcreation`
--
ALTER TABLE `temp_roomcreation`
  ADD PRIMARY KEY (`ControlNum`);

--
-- Indexes for table `temp_sched`
--
ALTER TABLE `temp_sched`
  ADD PRIMARY KEY (`SchedID`);

--
-- Indexes for table `temp_sched_backuo`
--
ALTER TABLE `temp_sched_backuo`
  ADD PRIMARY KEY (`SchedID`);

--
-- Indexes for table `temp_sectioncreation`
--
ALTER TABLE `temp_sectioncreation`
  ADD PRIMARY KEY (`ControlNum`);

--
-- Indexes for table `temp_sectioncreation_backup`
--
ALTER TABLE `temp_sectioncreation_backup`
  ADD PRIMARY KEY (`ControlNum`);

--
-- Indexes for table `temp_studentregistration`
--
ALTER TABLE `temp_studentregistration`
  ADD PRIMARY KEY (`ControlNum`);

--
-- Indexes for table `temp_subject`
--
ALTER TABLE `temp_subject`
  ADD PRIMARY KEY (`ControlNum`);

--
-- Indexes for table `temp_subjectcodecreation`
--
ALTER TABLE `temp_subjectcodecreation`
  ADD PRIMARY KEY (`ControlNum`);

--
-- Indexes for table `temp_teacherregistration`
--
ALTER TABLE `temp_teacherregistration`
  ADD PRIMARY KEY (`ControlNum`),
  ADD UNIQUE KEY `Email` (`Email`);

--
-- AUTO_INCREMENT for dumped tables
--

--
-- AUTO_INCREMENT for table `grade_subject`
--
ALTER TABLE `grade_subject`
  MODIFY `GradeID` int(11) NOT NULL AUTO_INCREMENT, AUTO_INCREMENT=238;

--
-- AUTO_INCREMENT for table `grade_values`
--
ALTER TABLE `grade_values`
  MODIFY `GradeValID` int(11) NOT NULL AUTO_INCREMENT, AUTO_INCREMENT=8;

--
-- AUTO_INCREMENT for table `main_section`
--
ALTER TABLE `main_section`
  MODIFY `SectionNum` int(11) NOT NULL AUTO_INCREMENT, AUTO_INCREMENT=5;

--
-- AUTO_INCREMENT for table `main_section_backup`
--
ALTER TABLE `main_section_backup`
  MODIFY `SectionNum` int(11) NOT NULL AUTO_INCREMENT, AUTO_INCREMENT=5;

--
-- AUTO_INCREMENT for table `main_teacher`
--
ALTER TABLE `main_teacher`
  MODIFY `TeacherNum` int(11) NOT NULL AUTO_INCREMENT, AUTO_INCREMENT=18;

--
-- AUTO_INCREMENT for table `temp_roomcreation`
--
ALTER TABLE `temp_roomcreation`
  MODIFY `ControlNum` int(11) NOT NULL AUTO_INCREMENT, AUTO_INCREMENT=11;

--
-- AUTO_INCREMENT for table `temp_sched`
--
ALTER TABLE `temp_sched`
  MODIFY `SchedID` int(11) NOT NULL AUTO_INCREMENT, AUTO_INCREMENT=15;

--
-- AUTO_INCREMENT for table `temp_sched_backuo`
--
ALTER TABLE `temp_sched_backuo`
  MODIFY `SchedID` int(11) NOT NULL AUTO_INCREMENT, AUTO_INCREMENT=54;

--
-- AUTO_INCREMENT for table `temp_sectioncreation`
--
ALTER TABLE `temp_sectioncreation`
  MODIFY `ControlNum` int(11) NOT NULL AUTO_INCREMENT, AUTO_INCREMENT=9;

--
-- AUTO_INCREMENT for table `temp_sectioncreation_backup`
--
ALTER TABLE `temp_sectioncreation_backup`
  MODIFY `ControlNum` int(11) NOT NULL AUTO_INCREMENT, AUTO_INCREMENT=9;

--
-- AUTO_INCREMENT for table `temp_studentregistration`
--
ALTER TABLE `temp_studentregistration`
  MODIFY `ControlNum` int(11) NOT NULL AUTO_INCREMENT, AUTO_INCREMENT=7;

--
-- AUTO_INCREMENT for table `temp_subjectcodecreation`
--
ALTER TABLE `temp_subjectcodecreation`
  MODIFY `ControlNum` int(11) NOT NULL AUTO_INCREMENT, AUTO_INCREMENT=6;

--
-- AUTO_INCREMENT for table `temp_teacherregistration`
--
ALTER TABLE `temp_teacherregistration`
  MODIFY `ControlNum` int(11) NOT NULL AUTO_INCREMENT, AUTO_INCREMENT=18;

--
-- Constraints for dumped tables
--

--
-- Constraints for table `grade_sortable`
--
ALTER TABLE `grade_sortable`
  ADD CONSTRAINT `grade_sortable_ibfk_1` FOREIGN KEY (`SubjectCode`) REFERENCES `subjectcode` (`SubjectCode`) ON DELETE CASCADE ON UPDATE CASCADE;
COMMIT;

/*!40101 SET CHARACTER_SET_CLIENT=@OLD_CHARACTER_SET_CLIENT */;
/*!40101 SET CHARACTER_SET_RESULTS=@OLD_CHARACTER_SET_RESULTS */;
/*!40101 SET COLLATION_CONNECTION=@OLD_COLLATION_CONNECTION */;
